snapshot,candidate,nfe,field,relative_l2,weights,epoch
0,GL_rbf_ENH,1,CO,0.36137762665748596,live,845
0,GL_rbf_ENH,1,T,0.13790391385555267,live,845
0,GL_rbf_ENH,1,U_0,0.11503840982913971,live,845
0,GL_rbf_ENH,1,U_1,0.5682828426361084,live,845
0,GL_rbf_ENH,1,p,0.01576917991042137,live,845
0,GL_rbf_ENH,4,CO,0.363247811794281,live,845
0,GL_rbf_ENH,4,T,0.16161511838436127,live,845
0,GL_rbf_ENH,4,U_0,0.1131640374660492,live,845
0,GL_rbf_ENH,4,U_1,0.6571363210678101,live,845
0,GL_rbf_ENH,4,p,0.017300810664892197,live,845
0,CQ-LR-128,1,CO,0.4083051383495331,live,845
0,CQ-LR-128,1,T,0.1632852703332901,live,845
0,CQ-LR-128,1,U_0,0.12322559952735901,live,845
0,CQ-LR-128,1,U_1,0.6075666546821594,live,845
0,CQ-LR-128,1,p,0.018575655296444893,live,845
0,CQ-LR-128,4,CO,0.4219702482223511,live,845
0,CQ-LR-128,4,T,0.19545245170593262,live,845
0,CQ-LR-128,4,U_0,0.12386399507522583,live,845
0,CQ-LR-128,4,U_1,0.7070951461791992,live,845
0,CQ-LR-128,4,p,0.021690532565116882,live,845
0,CQ-LR-256,1,CO,0.3584599792957306,live,840
0,CQ-LR-256,1,T,0.1478824019432068,live,840
0,CQ-LR-256,1,U_0,0.09430011361837387,live,840
0,CQ-LR-256,1,U_1,0.4382210373878479,live,840
0,CQ-LR-256,1,p,0.011731337755918503,live,840
0,CQ-LR-256,4,CO,0.35546115040779114,live,840
0,CQ-LR-256,4,T,0.15525618195533752,live,840
0,CQ-LR-256,4,U_0,0.09032212942838669,live,840
0,CQ-LR-256,4,U_1,0.5256221890449524,live,840
0,CQ-LR-256,4,p,0.012748840264976025,live,840
0,GL_rbf_CQ,1,CO,0.34641358256340027,ema,1000
0,GL_rbf_CQ,1,T,0.1448831409215927,ema,1000
0,GL_rbf_CQ,1,U_0,0.08987285196781158,ema,1000
0,GL_rbf_CQ,1,U_1,0.4715900421142578,ema,1000
0,GL_rbf_CQ,1,p,0.012502972967922688,ema,1000
0,GL_rbf_CQ,4,CO,0.35426291823387146,ema,1000
0,GL_rbf_CQ,4,T,0.15673333406448364,ema,1000
0,GL_rbf_CQ,4,U_0,0.0897807627916336,ema,1000
0,GL_rbf_CQ,4,U_1,0.5570289492607117,ema,1000
0,GL_rbf_CQ,4,p,0.013545926660299301,ema,1000
1,GL_rbf_ENH,1,CO,0.3344324827194214,live,845
1,GL_rbf_ENH,1,T,0.13176490366458893,live,845
1,GL_rbf_ENH,1,U_0,0.11527589708566666,live,845
1,GL_rbf_ENH,1,U_1,0.5832498073577881,live,845
1,GL_rbf_ENH,1,p,0.016717812046408653,live,845
1,GL_rbf_ENH,4,CO,0.36776554584503174,live,845
1,GL_rbf_ENH,4,T,0.18501918017864227,live,845
1,GL_rbf_ENH,4,U_0,0.1161927878856659,live,845
1,GL_rbf_ENH,4,U_1,0.632070004940033,live,845
1,GL_rbf_ENH,4,p,0.017093785107135773,live,845
1,CQ-LR-128,1,CO,0.3714601397514343,live,845
1,CQ-LR-128,1,T,0.13848046958446503,live,845
1,CQ-LR-128,1,U_0,0.12349177151918411,live,845
1,CQ-LR-128,1,U_1,0.626143753528595,live,845
1,CQ-LR-128,1,p,0.0180535688996315,live,845
1,CQ-LR-128,4,CO,0.4144718647003174,live,845
1,CQ-LR-128,4,T,0.18312779068946838,live,845
1,CQ-LR-128,4,U_0,0.12570425868034363,live,845
1,CQ-LR-128,4,U_1,0.7089138031005859,live,845
1,CQ-LR-128,4,p,0.019844722002744675,live,845
1,CQ-LR-256,1,CO,0.3373282253742218,live,840
1,CQ-LR-256,1,T,0.12298823148012161,live,840
1,CQ-LR-256,1,U_0,0.09677494317293167,live,840
1,CQ-LR-256,1,U_1,0.502934992313385,live,840
1,CQ-LR-256,1,p,0.01423022523522377,live,840
1,CQ-LR-256,4,CO,0.3463484048843384,live,840
1,CQ-LR-256,4,T,0.14501464366912842,live,840
1,CQ-LR-256,4,U_0,0.09303794801235199,live,840
1,CQ-LR-256,4,U_1,0.5887306332588196,live,840
1,CQ-LR-256,4,p,0.014623206108808517,live,840
1,GL_rbf_CQ,1,CO,0.3386969566345215,ema,1000
1,GL_rbf_CQ,1,T,0.12807302176952362,ema,1000
1,GL_rbf_CQ,1,U_0,0.08980568498373032,ema,1000
1,GL_rbf_CQ,1,U_1,0.5280271172523499,ema,1000
1,GL_rbf_CQ,1,p,0.013563581742346287,ema,1000
1,GL_rbf_CQ,4,CO,0.36065536737442017,ema,1000
1,GL_rbf_CQ,4,T,0.1579420417547226,ema,1000
1,GL_rbf_CQ,4,U_0,0.0877644419670105,ema,1000
1,GL_rbf_CQ,4,U_1,0.6313621997833252,ema,1000
1,GL_rbf_CQ,4,p,0.014803594909608364,ema,1000
2,GL_rbf_ENH,1,CO,0.4041077196598053,live,845
2,GL_rbf_ENH,1,T,0.1649966686964035,live,845
2,GL_rbf_ENH,1,U_0,0.11913510411977768,live,845
2,GL_rbf_ENH,1,U_1,0.5723618865013123,live,845
2,GL_rbf_ENH,1,p,0.01792946271598339,live,845
2,GL_rbf_ENH,4,CO,0.4818524420261383,live,845
2,GL_rbf_ENH,4,T,0.21825070679187775,live,845
2,GL_rbf_ENH,4,U_0,0.12158093601465225,live,845
2,GL_rbf_ENH,4,U_1,0.6891205310821533,live,845
2,GL_rbf_ENH,4,p,0.016713043674826622,live,845
2,CQ-LR-128,1,CO,0.44965967535972595,live,845
2,CQ-LR-128,1,T,0.19458836317062378,live,845
2,CQ-LR-128,1,U_0,0.13494469225406647,live,845
2,CQ-LR-128,1,U_1,0.5546858906745911,live,845
2,CQ-LR-128,1,p,0.014743798412382603,live,845
2,CQ-LR-128,4,CO,0.5310062170028687,live,845
2,CQ-LR-128,4,T,0.2546941339969635,live,845
2,CQ-LR-128,4,U_0,0.13186205923557281,live,845
2,CQ-LR-128,4,U_1,0.658332109451294,live,845
2,CQ-LR-128,4,p,0.015597549267113209,live,845
2,CQ-LR-256,1,CO,0.4099034070968628,live,840
2,CQ-LR-256,1,T,0.17397546768188477,live,840
2,CQ-LR-256,1,U_0,0.10033032298088074,live,840
2,CQ-LR-256,1,U_1,0.4738806188106537,live,840
2,CQ-LR-256,1,p,0.01236978080123663,live,840
2,CQ-LR-256,4,CO,0.45722121000289917,live,840
2,CQ-LR-256,4,T,0.21394450962543488,live,840
2,CQ-LR-256,4,U_0,0.09879489243030548,live,840
2,CQ-LR-256,4,U_1,0.5624426603317261,live,840
2,CQ-LR-256,4,p,0.013765210285782814,live,840
2,GL_rbf_CQ,1,CO,0.40840935707092285,ema,1000
2,GL_rbf_CQ,1,T,0.17007490992546082,ema,1000
2,GL_rbf_CQ,1,U_0,0.09289699792861938,ema,1000
2,GL_rbf_CQ,1,U_1,0.4437384307384491,ema,1000
2,GL_rbf_CQ,1,p,0.012499765492975712,ema,1000
2,GL_rbf_CQ,4,CO,0.46923208236694336,ema,1000
2,GL_rbf_CQ,4,T,0.2129756361246109,ema,1000
2,GL_rbf_CQ,4,U_0,0.09505769610404968,ema,1000
2,GL_rbf_CQ,4,U_1,0.5369306206703186,ema,1000
2,GL_rbf_CQ,4,p,0.013262974098324776,ema,1000
