NFE,N_obs,N_query,amortized_wall_s,cache_level,geometry_build_s,geometry_build_topk_calls,geometry_cache_mb,max_abs_diff_vs_geometry_per_call,mean_condition_context_s,mean_ode_loop_s,mean_peak_allocated_mb,mean_peak_reserved_mb,mean_query_cache_mb,mean_query_context_s,mean_topk_calls,mean_wall_s,min_wall_s,mode,speedup_vs_none,speedup_vs_per_call_geometry,warmup_repeats
1,256,250000,0.09459991691013177,geometry,0.03883058484643698,31,99.18212890625,0.0,0.003866426336268584,0.04443927388638258,854.61181640625,886.0,282.28759765625,0.04007118692000707,31.0,0.09459991691013177,0.09197874832898378,geometry_per_call,2.2783679513807975,1.0,1
1,256,250000,0.21553341889133057,none,0.03883058484643698,31,99.18212890625,0.0,0.004166193927327792,0.2058849067737659,864.14892578125,1134.0,0.0,4.935575028260549e-05,123.0,0.21553341889133057,0.21297427080571651,none,1.0,0.4389106682236964,1
1,256,250000,0.08097089889148872,static_features,0.03883058484643698,31,99.18212890625,1.430511474609375e-06,0.004313142970204353,0.015162027130524317,864.14892578125,1130.0,427.24609375,0.056423528119921684,31.0,0.08097089889148872,0.08023503236472607,static_per_call,2.6618627413309652,1.1683199545173342,1
1,256,250000,0.06755355404069026,geometry,0.03883058484643698,31,99.18212890625,0.0,0.004170197993516922,0.04235785206158956,864.14892578125,1132.0,282.28759765625,0.002975320133070151,0.0,0.0546100257585446,0.054253638722002506,geometry_persistent,3.9467738001864423,1.732281125967609,1
1,256,250000,0.06381387015183766,static_features,0.03883058484643698,31,99.18212890625,1.430511474609375e-06,0.004182489899297555,0.015169197383026281,864.14892578125,1128.0,427.24609375,0.02634923191120227,0.0,0.050870341869692005,0.05027341470122337,static_persistent_geometry,4.236917051657225,1.8596280943512464,1
2,256,250000,0.135051512469848,geometry,0.03883058484643698,31,99.18212890625,0.0,0.0039655109867453575,0.08619042051335175,854.61181640625,886.0,282.28759765625,0.03951197428007921,31.0,0.135051512469848,0.13411822076886892,geometry_per_call,3.123940358030087,1.0,1
2,256,250000,0.4218928702175617,none,0.03883058484643698,31,99.18212890625,0.0,0.004133041016757488,0.4123595530788104,864.14892578125,1134.0,0.0,4.646896074215571e-05,246.0,0.4218928702175617,0.4185116244480014,none,1.0,0.3201085441434567,1
2,256,250000,0.09679252188652754,static_features,0.03883058484643698,31,99.18212890625,9.5367431640625e-07,0.004253264516592026,0.030445860388378303,864.14892578125,1130.0,427.24609375,0.056812505858639874,31.0,0.09679252188652754,0.09504206478595734,static_per_call,4.358734145930798,1.3952680417622811,1
2,256,250000,0.11026471542815368,geometry,0.03883058484643698,31,99.18212890625,0.0,0.00405826202283303,0.08497588988393545,864.14892578125,1132.0,282.28759765625,0.002920842729508877,0.0,0.09732118714600801,0.09671215433627367,geometry_persistent,4.335056759887327,1.387688708186783,1
2,256,250000,0.07832905339697997,static_features,0.03883058484643698,31,99.18212890625,9.5367431640625e-07,0.003927236112455527,0.02975431891779105,864.14892578125,1128.0,427.24609375,0.02631756818542878,0.0,0.06538552511483431,0.06497177481651306,static_persistent_geometry,6.452389416107097,2.065464982236692,1
4,256,250000,0.21819750188539425,geometry,0.03883058484643698,31,99.18212890625,0.0,0.003977057213584582,0.16977959033101797,854.61181640625,886.0,282.28759765625,0.03905938814083735,31.0,0.21819750188539425,0.2156218709424138,geometry_per_call,3.782929521388575,1.0,1
4,256,250000,0.8254257713754972,none,0.03883058484643698,31,99.18212890625,0.0,0.004159581537048022,0.8159026053423682,864.14892578125,1134.0,0.0,5.0008296966552734e-05,492.0,0.8254257713754972,0.8236630223691463,none,1.0,0.26434539537309076,1
4,256,250000,0.12452212317536275,static_features,0.03883058484643698,31,99.18212890625,1.430511474609375e-06,0.004021942925949891,0.059460955671966076,864.14892578125,1130.0,427.24609375,0.055753771836558975,31.0,0.12452212317536275,0.12365653272718191,static_per_call,6.628747971258583,1.7522790032909235,1
4,256,250000,0.19481259242941934,geometry,0.03883058484643698,31,99.18212890625,0.0,0.0040240852783123655,0.16948046504209438,864.14892578125,1132.0,282.28759765625,0.0029982284953196845,0.0,0.1818690641472737,0.1802705843001604,geometry_persistent,4.538571610546613,1.1997505068190297,1
4,256,250000,0.1072223378966252,static_features,0.03883058484643698,31,99.18212890625,1.430511474609375e-06,0.003991957753896713,0.05858875252306461,864.14892578125,1128.0,427.24609375,0.0263169143969814,0.0,0.09427880961447954,0.09278109204024076,static_persistent_geometry,8.755156909074152,2.314385414682654,1
8,256,250000,0.38880623659739894,geometry,0.03883058484643698,31,99.18212890625,0.0,0.004115719348192215,0.33992587433507043,854.61181640625,886.0,282.28759765625,0.0394174475222826,31.0,0.38880623659739894,0.3849393464624882,geometry_per_call,4.237217265942464,1.0,1
8,256,250000,1.6474564988166094,none,0.03883058484643698,31,99.18212890625,0.0,0.0041921741018692655,1.637885281816125,864.14892578125,1134.0,0.0,5.5501547952493034e-05,984.0,1.6474564988166094,1.6450162725523114,none,1.0,0.23600394722208676,1
8,256,250000,0.18423244015624127,static_features,0.03883058484643698,31,99.18212890625,1.9073486328125e-06,0.004001176916062832,0.1189679903909564,864.14892578125,1130.0,427.24609375,0.05596347991377115,31.0,0.18423244015624127,0.18331935722380877,static_per_call,8.942271499088095,2.1104113709163577,1
8,256,250000,0.36532445065677166,geometry,0.03883058484643698,31,99.18212890625,0.0,0.003992981277406216,0.3400424250091116,864.14892578125,1132.0,282.28759765625,0.0029753195121884346,0.0,0.352380922374626,0.34771148674190044,geometry_persistent,4.6752147866425995,1.1033691437587196,1
8,256,250000,0.1649776054546237,static_features,0.03883058484643698,31,99.18212890625,1.9073486328125e-06,0.003929005314906438,0.11636572362234195,864.14892578125,1128.0,427.24609375,0.026367104301850002,0.0,0.15203407717247805,0.1513627441599965,static_persistent_geometry,10.836100231316035,2.557362427084752,1
1,256,1000000,0.3579731145873666,geometry,0.14709141477942467,123,396.728515625,0.0,0.004909696367879708,0.18366679487129053,3371.34716796875,3460.0,1129.150390625,0.15628426522016525,123.0,0.3579731145873666,0.3423774130642414,geometry_per_call,2.332924304589411,1.0,1
1,256,1000000,0.8351241794104377,none,0.14709141477942467,123,396.728515625,0.0,0.004857919178903103,0.8171280131985744,3410.39892578125,3462.0,0.0,6.0438488920529686e-05,489.0,0.8351241794104377,0.8332193223759532,none,1.0,0.4286465694719562,1
1,256,1000000,0.3007361441850662,static_features,0.14709141477942467,123,396.728515625,1.1920928955078125e-06,0.004781836022933324,0.05956076985845963,3410.39892578125,3458.0,1708.984375,0.22326097264885902,123.0,0.3007361441850662,0.29809067118912935,static_per_call,2.7769331873076126,1.1903228843922333,1
1,256,1000000,0.25017192090551055,geometry,0.14709141477942467,123,396.728515625,0.0,0.00478193008651336,0.17214805850138268,3410.39892578125,3460.0,1129.150390625,0.011109348076085249,0.0,0.20114144931236902,0.1985328532755375,geometry_persistent,4.151924838293797,1.7797083386400425,1
1,256,1000000,0.23114002713312706,static_features,0.14709141477942467,123,396.728515625,1.1920928955078125e-06,0.004393601169188817,0.058426979929208755,3410.39892578125,3456.0,1708.984375,0.10618285524348418,0.0,0.1821095555399855,0.1803308827802539,static_persistent_geometry,4.5858339335031255,1.9657019837642018,1
2,256,1000000,0.510787699992458,geometry,0.14709141477942467,123,396.728515625,0.0,0.004838176071643829,0.3377740578725934,3371.34716796875,3460.0,1129.150390625,0.15505752277870974,123.0,0.510787699992458,0.5104239527136087,geometry_per_call,3.2406544163357087,1.0,1
2,256,1000000,1.655286415790518,none,0.14709141477942467,123,396.728515625,0.0,0.004875984353323777,1.6372520715619128,3410.39892578125,3462.0,0.0,5.168374627828598e-05,978.0,1.655286415790518,1.648589013144374,none,1.0,0.3085796482831161,1
2,256,1000000,0.36431060420970124,static_features,0.14709141477942467,123,396.728515625,1.430511474609375e-06,0.00495718823124965,0.12231316727896531,3410.39892578125,3458.0,1708.984375,0.22394223418086767,123.0,0.36431060420970124,0.3592399889603257,static_per_call,4.543613050686048,1.402066517115277,1
2,256,1000000,0.41519824508577585,geometry,0.14709141477942467,123,396.728515625,0.0,0.004831004577378432,0.3369246268024047,3410.39892578125,3460.0,1129.150390625,0.011297737248241901,0.0,0.3661677734926343,0.3641862776130438,geometry_persistent,4.5205682630173225,1.3949553646417026,1
2,256,1000000,0.2901006623481711,static_features,0.14709141477942467,123,396.728515625,1.430511474609375e-06,0.0037288799261053405,0.11781014098475377,3410.39892578125,3456.0,1708.984375,0.10642524032543103,0.0,0.24107019075502953,0.2390295583754778,static_persistent_geometry,6.866408536892002,2.11883393128232,1
4,256,1000000,0.8451748642449578,geometry,0.14709141477942467,123,396.728515625,0.0,0.0049542079990108805,0.670730957450966,3371.34716796875,3460.0,1129.150390625,0.15639001006881395,123.0,0.8451748642449578,0.8397363070398569,geometry_per_call,3.8722639448464538,1.0,1
4,256,1000000,3.272740153906246,none,0.14709141477942467,123,396.728515625,0.0,0.00486592606951793,3.2546912863229713,3410.39892578125,3462.0,0.0,5.019394059975942e-05,1956.0,3.272740153906246,3.2690850785002112,none,1.0,0.25824685874806835,1
4,256,1000000,0.4775253136952718,static_features,0.14709141477942467,123,396.728515625,1.430511474609375e-06,0.004793568203846614,0.23563996919741234,3410.39892578125,3458.0,1708.984375,0.2240113653242588,123.0,0.4775253136952718,0.4760430594906211,static_per_call,6.8535427547925005,1.769905887720746,1
4,256,1000000,0.7620770915721854,geometry,0.14709141477942467,123,396.728515625,0.0,0.004858195781707764,0.6838191263377666,3410.39892578125,3460.0,1129.150390625,0.011272496854265531,0.0,0.7130466199790438,0.7056803107261658,geometry_persistent,4.589798285562914,1.1853009895338922,1
4,256,1000000,0.4079604269936681,static_features,0.14709141477942467,123,396.728515625,1.430511474609375e-06,0.0036931193123261132,0.23534428607672453,3410.39892578125,3456.0,1708.984375,0.10677610151469707,0.0,0.3589299554005265,0.3565319161862135,static_persistent_geometry,9.118046863082872,2.35470696030883,1
8,256,1000000,1.5375766474753618,geometry,0.14709141477942467,123,396.728515625,0.0,0.0049316709240277605,1.363093030018111,3371.34716796875,3460.0,1129.150390625,0.15645598589132229,123.0,1.5375766474753618,1.5143475942313671,geometry_per_call,4.256579186758594,1.0,1
8,256,1000000,6.544816755689681,none,0.14709141477942467,123,396.728515625,0.0,0.004800550639629364,6.526854780502617,3410.39892578125,3462.0,0.0,5.0193630158901215e-05,3912.0,6.544816755689681,6.524398302659392,none,1.0,0.2349304350100685,1
8,256,1000000,0.7130132407570878,static_features,0.14709141477942467,123,396.728515625,1.9073486328125e-06,0.0048186155036091805,0.47150749433785677,3410.39892578125,3458.0,1708.984375,0.22359778763105473,123.0,0.7130132407570878,0.7088296366855502,static_per_call,9.17909567673708,2.1564489403348817,1
8,256,1000000,1.4340718251963456,geometry,0.14709141477942467,123,396.728515625,0.0,0.00494666180262963,1.3555983857562144,3410.39892578125,3460.0,1129.150390625,0.011408173168698946,0.0,1.385041353603204,1.373307409696281,geometry_persistent,4.725358371909438,1.1101304978911533,1
8,256,1000000,0.6437186223144332,static_features,0.14709141477942467,123,396.728515625,1.9073486328125e-06,0.003799465484917164,0.47046054775516194,3410.39892578125,3456.0,1708.984375,0.10733087981740634,0.0,0.5946881507212917,0.5856715925037861,static_persistent_geometry,11.00546016891632,2.585517544969493,1
