2026/08/20 17:04:05.158, 1, 0, 15, 28.24
2026/08/20 17:04:07.162, 1, 0, 15, 28.07
2026/08/20 17:04:09.162, 1, 0, 15, 27.91
2026/08/20 17:04:11.162, 1, 0, 18, 65.94
2026/08/20 17:04:13.163, 1, 0, 18, 49.15
2026/08/20 17:04:15.163, 1, 0, 18, 30.09
2026/08/20 17:04:17.164, 1, 0, 457, 27.92
2026/08/20 17:04:19.164, 1, 0, 707, 64.66
2026/08/20 17:04:21.165, 1, 89, 41591, 123.18
2026/08/20 17:04:23.166, 1, 99, 41593, 263.95
2026/08/20 17:04:25.166, 1, 84, 41593, 269.16
2026/08/20 17:04:27.167, 1, 100, 41593, 263.86
2026/08/20 17:04:29.168, 1, 91, 41593, 260.89
2026/08/20 17:04:31.168, 1, 100, 41593, 272.93
2026/08/20 17:04:33.169, 1, 97, 41593, 264.47
2026/08/20 17:04:35.169, 1, 97, 41593, 270.95
2026/08/20 17:04:37.170, 1, 99, 41593, 263.64
2026/08/20 17:04:39.170, 1, 86, 41593, 274.70
2026/08/20 17:04:41.171, 1, 99, 41593, 266.41
2026/08/20 17:04:43.171, 1, 86, 41593, 270.77
2026/08/20 17:04:45.171, 1, 99, 41593, 261.43
2026/08/20 17:04:47.172, 1, 89, 41593, 274.83
2026/08/20 17:04:49.172, 1, 19, 41593, 136.09
2026/08/20 17:04:51.173, 1, 0, 41593, 185.39
2026/08/20 17:04:53.173, 1, 98, 41593, 265.23
2026/08/20 17:04:55.174, 1, 100, 41593, 274.07
2026/08/20 17:04:57.174, 1, 99, 41593, 266.08
2026/08/20 17:04:59.175, 1, 100, 41593, 277.93
2026/08/20 17:05:01.175, 1, 99, 41593, 269.91
2026/08/20 17:05:03.176, 1, 98, 41593, 275.16
2026/08/20 17:05:05.234, 1, 99, 41593, 264.00
2026/08/20 17:05:07.235, 1, 100, 41593, 273.36
2026/08/20 17:05:09.235, 1, 98, 41593, 275.82
2026/08/20 17:05:11.236, 1, 99, 41593, 264.86
2026/08/20 17:05:13.236, 1, 100, 41593, 280.12
2026/08/20 17:05:15.237, 1, 91, 41593, 274.11
2026/08/20 17:05:17.237, 1, 99, 41593, 270.67
2026/08/20 17:05:19.238, 1, 100, 41593, 275.01
2026/08/20 17:05:21.238, 1, 98, 41593, 121.90
2026/08/20 17:05:23.238, 1, 100, 41593, 284.26
2026/08/20 17:05:25.239, 1, 89, 41593, 274.60
2026/08/20 17:05:27.239, 1, 98, 41593, 267.76
2026/08/20 17:05:29.240, 1, 100, 41593, 278.75
2026/08/20 17:05:31.240, 1, 88, 41593, 265.50
2026/08/20 17:05:33.241, 1, 99, 41593, 275.03
2026/08/20 17:05:35.241, 1, 100, 41593, 280.27
2026/08/20 17:05:37.242, 1, 99, 41593, 269.11
2026/08/20 17:05:39.242, 1, 99, 41593, 272.15
2026/08/20 17:05:41.243, 1, 100, 41593, 278.64
2026/08/20 17:05:43.243, 1, 88, 41593, 273.74
2026/08/20 17:05:45.243, 1, 99, 41593, 269.00
2026/08/20 17:05:47.244, 1, 100, 41593, 282.03
2026/08/20 17:05:49.244, 1, 99, 41593, 276.99
2026/08/20 17:05:51.245, 1, 100, 41593, 158.02
2026/08/20 17:05:53.245, 1, 91, 41593, 274.70
2026/08/20 17:05:55.246, 1, 99, 41593, 268.89
2026/08/20 17:05:57.246, 1, 99, 41593, 278.26
2026/08/20 17:05:59.246, 1, 100, 41593, 278.80
2026/08/20 17:06:01.247, 1, 86, 41593, 274.94
2026/08/20 17:06:03.247, 1, 99, 41593, 268.31
2026/08/20 17:06:05.248, 1, 99, 41593, 278.68
2026/08/20 17:06:07.248, 1, 100, 41593, 280.28
2026/08/20 17:06:09.249, 1, 91, 41593, 275.67
2026/08/20 17:06:11.249, 1, 99, 41593, 267.59
2026/08/20 17:06:13.249, 1, 99, 41593, 272.36
2026/08/20 17:06:15.250, 1, 100, 41593, 279.65
2026/08/20 17:06:17.250, 1, 93, 41593, 277.30
2026/08/20 17:06:19.251, 1, 99, 41593, 268.05
2026/08/20 17:06:21.251, 1, 69, 41593, 126.35
2026/08/20 17:06:23.252, 1, 99, 41593, 268.30
2026/08/20 17:06:25.252, 1, 100, 41593, 278.81
2026/08/20 17:06:27.253, 1, 100, 41593, 279.45
2026/08/20 17:06:29.253, 1, 90, 41593, 275.48
2026/08/20 17:06:31.253, 1, 99, 41593, 269.92
2026/08/20 17:06:33.254, 1, 99, 41593, 277.27
2026/08/20 17:06:35.254, 1, 100, 41593, 278.72
2026/08/20 17:06:37.255, 1, 94, 41593, 270.78
2026/08/20 17:06:39.255, 1, 99, 41593, 268.04
2026/08/20 17:06:41.256, 1, 99, 41593, 277.00
2026/08/20 17:06:43.256, 1, 100, 41593, 279.35
2026/08/20 17:06:45.257, 1, 100, 41593, 273.87
2026/08/20 17:06:47.257, 1, 92, 41593, 274.26
2026/08/20 17:06:49.257, 1, 99, 41593, 267.95
2026/08/20 17:06:51.258, 1, 0, 41593, 209.62
2026/08/20 17:06:53.259, 1, 98, 41593, 265.88
2026/08/20 17:06:55.259, 1, 98, 41593, 270.55
2026/08/20 17:06:57.260, 1, 100, 41593, 278.55
2026/08/20 17:06:59.260, 1, 100, 41593, 277.40
2026/08/20 17:07:01.261, 1, 88, 41593, 275.78
2026/08/20 17:07:03.261, 1, 99, 41593, 269.32
2026/08/20 17:07:05.262, 1, 99, 41593, 275.67
2026/08/20 17:07:07.262, 1, 100, 41593, 279.24
2026/08/20 17:07:09.263, 1, 100, 41593, 278.42
2026/08/20 17:07:11.263, 1, 88, 41593, 275.82
2026/08/20 17:07:13.264, 1, 97, 41593, 271.79
2026/08/20 17:07:15.264, 1, 98, 41593, 271.19
2026/08/20 17:07:17.265, 1, 99, 41593, 275.55
2026/08/20 17:07:19.265, 1, 100, 41593, 279.85
2026/08/20 17:07:21.266, 1, 100, 41593, 280.49
2026/08/20 17:07:23.266, 1, 100, 41593, 226.57
2026/08/20 17:07:25.267, 1, 100, 41593, 277.79
2026/08/20 17:07:27.267, 1, 89, 41593, 275.77
2026/08/20 17:07:29.268, 1, 99, 41593, 268.64
2026/08/20 17:07:31.268, 1, 99, 41593, 276.72
2026/08/20 17:07:33.269, 1, 100, 41593, 279.62
2026/08/20 17:07:35.269, 1, 98, 41593, 274.98
2026/08/20 17:07:37.270, 1, 89, 41593, 276.92
2026/08/20 17:07:39.270, 1, 99, 41593, 271.17
2026/08/20 17:07:41.270, 1, 99, 41593, 279.05
2026/08/20 17:07:43.271, 1, 100, 41593, 280.33
2026/08/20 17:07:45.271, 1, 99, 41593, 278.40
2026/08/20 17:07:47.272, 1, 88, 41593, 275.32
2026/08/20 17:07:49.272, 1, 99, 41593, 270.25
2026/08/20 17:07:51.273, 1, 99, 41593, 280.17
2026/08/20 17:07:53.273, 1, 98, 41593, 149.69
2026/08/20 17:07:55.274, 1, 100, 41593, 279.79
2026/08/20 17:07:57.274, 1, 95, 41593, 273.51
2026/08/20 17:07:59.275, 1, 98, 41593, 271.54
2026/08/20 17:08:01.275, 1, 100, 41593, 281.75
2026/08/20 17:08:03.276, 1, 98, 41593, 282.73
2026/08/20 17:08:05.276, 1, 99, 41593, 270.01
2026/08/20 17:08:07.276, 1, 98, 41593, 270.05
2026/08/20 17:08:09.277, 1, 100, 41593, 270.35
2026/08/20 17:08:11.277, 1, 100, 41593, 278.36
2026/08/20 17:08:13.278, 1, 90, 41593, 275.54
2026/08/20 17:08:15.278, 1, 98, 41593, 271.42
2026/08/20 17:08:17.279, 1, 100, 41593, 281.72
2026/08/20 17:08:19.279, 1, 100, 41593, 283.10
2026/08/20 17:08:21.280, 1, 83, 41593, 275.75
2026/08/20 17:08:23.280, 1, 12, 41593, 153.15
2026/08/20 17:08:25.280, 1, 97, 41593, 270.06
2026/08/20 17:08:27.281, 1, 98, 41593, 271.61
2026/08/20 17:08:29.281, 1, 100, 41593, 279.95
2026/08/20 17:08:31.282, 1, 100, 41593, 274.22
2026/08/20 17:08:33.282, 1, 99, 41593, 270.54
2026/08/20 17:08:35.283, 1, 99, 41593, 269.98
2026/08/20 17:08:37.283, 1, 100, 41593, 281.02
2026/08/20 17:08:39.284, 1, 90, 41593, 277.95
2026/08/20 17:08:41.284, 1, 98, 41593, 273.82
2026/08/20 17:08:43.285, 1, 100, 41593, 282.26
2026/08/20 17:08:45.285, 1, 100, 41593, 281.25
2026/08/20 17:08:47.286, 1, 92, 41593, 275.62
2026/08/20 17:08:49.286, 1, 99, 41593, 271.75
2026/08/20 17:08:51.286, 1, 100, 41593, 280.76
2026/08/20 17:08:53.287, 1, 0, 41593, 187.01
2026/08/20 17:08:55.287, 1, 100, 41593, 281.39
2026/08/20 17:08:57.288, 1, 91, 41593, 279.80
2026/08/20 17:08:59.288, 1, 99, 41593, 267.38
2026/08/20 17:09:01.289, 1, 99, 41593, 273.32
2026/08/20 17:09:03.289, 1, 100, 41593, 284.22
2026/08/20 17:09:05.290, 1, 89, 41593, 274.67
2026/08/20 17:09:07.290, 1, 98, 41593, 270.26
2026/08/20 17:09:09.291, 1, 100, 41593, 281.61
2026/08/20 17:09:11.291, 1, 100, 41593, 280.03
2026/08/20 17:09:13.291, 1, 86, 41593, 274.78
2026/08/20 17:09:15.292, 1, 99, 41593, 271.58
2026/08/20 17:09:17.293, 1, 100, 41593, 280.89
2026/08/20 17:09:19.293, 1, 100, 41593, 281.26
2026/08/20 17:09:21.294, 1, 96, 41593, 272.76
2026/08/20 17:09:23.294, 1, 0, 41593, 215.35
2026/08/20 17:09:25.295, 1, 99, 41593, 267.41
2026/08/20 17:09:27.295, 1, 99, 41593, 270.81
2026/08/20 17:09:29.296, 1, 100, 41593, 279.95
2026/08/20 17:09:31.296, 1, 89, 41593, 275.03
2026/08/20 17:09:33.296, 1, 99, 41593, 270.76
2026/08/20 17:09:35.297, 1, 100, 41593, 282.19
2026/08/20 17:09:37.297, 1, 100, 41593, 279.26
2026/08/20 17:09:39.298, 1, 88, 41593, 276.17
2026/08/20 17:09:41.298, 1, 99, 41593, 271.55
2026/08/20 17:09:43.299, 1, 100, 41593, 279.58
2026/08/20 17:09:45.299, 1, 100, 41593, 279.17
2026/08/20 17:09:47.299, 1, 94, 41593, 271.73
2026/08/20 17:09:49.300, 1, 99, 41593, 270.99
2026/08/20 17:09:51.300, 1, 100, 41593, 279.79
2026/08/20 17:09:53.301, 1, 0, 41593, 251.68
2026/08/20 17:09:55.301, 1, 100, 41593, 281.72
2026/08/20 17:09:57.302, 1, 90, 41593, 275.01
2026/08/20 17:09:59.302, 1, 99, 41593, 269.70
2026/08/20 17:10:01.302, 1, 100, 41593, 280.85
2026/08/20 17:10:03.303, 1, 100, 41593, 279.04
2026/08/20 17:10:05.303, 1, 88, 41593, 275.80
2026/08/20 17:10:07.304, 1, 99, 41593, 270.90
2026/08/20 17:10:09.304, 1, 100, 41593, 279.93
2026/08/20 17:10:11.305, 1, 100, 41593, 278.94
2026/08/20 17:10:13.305, 1, 89, 41593, 275.25
2026/08/20 17:10:15.305, 1, 99, 41593, 269.92
2026/08/20 17:10:17.306, 1, 100, 41593, 281.55
2026/08/20 17:10:19.306, 1, 100, 41593, 276.85
2026/08/20 17:10:21.307, 1, 91, 41593, 275.49
2026/08/20 17:10:23.307, 1, 100, 41593, 273.81
2026/08/20 17:10:25.308, 1, 99, 41593, 247.32
2026/08/20 17:10:27.308, 1, 99, 41593, 273.17
2026/08/20 17:10:29.309, 1, 100, 41593, 278.46
2026/08/20 17:10:31.309, 1, 91, 41593, 275.55
2026/08/20 17:10:33.309, 1, 99, 41593, 268.48
2026/08/20 17:10:35.310, 1, 99, 41593, 278.50
2026/08/20 17:10:37.310, 1, 100, 41593, 280.53
2026/08/20 17:10:39.311, 1, 91, 41593, 275.40
2026/08/20 17:10:41.311, 1, 99, 41593, 269.28
2026/08/20 17:10:43.312, 1, 99, 41593, 280.29
2026/08/20 17:10:45.312, 1, 100, 41593, 280.20
2026/08/20 17:10:47.312, 1, 90, 41593, 275.45
2026/08/20 17:10:49.313, 1, 99, 41593, 275.85
2026/08/20 17:10:51.313, 1, 99, 41593, 279.88
2026/08/20 17:10:53.314, 1, 100, 41593, 273.45
2026/08/20 17:10:55.314, 1, 100, 41593, 232.74
2026/08/20 17:10:57.315, 1, 90, 41593, 274.77
2026/08/20 17:10:59.315, 1, 98, 41593, 268.92
2026/08/20 17:11:01.315, 1, 100, 41593, 280.10
2026/08/20 17:11:03.316, 1, 100, 41593, 279.35
2026/08/20 17:11:05.316, 1, 90, 41593, 275.80
2026/08/20 17:11:07.317, 1, 99, 41593, 270.73
2026/08/20 17:11:09.317, 1, 100, 41593, 281.39
2026/08/20 17:11:11.318, 1, 100, 41593, 280.55
2026/08/20 17:11:13.318, 1, 89, 41593, 275.18
2026/08/20 17:11:15.319, 1, 99, 41593, 268.49
2026/08/20 17:11:17.319, 1, 99, 41593, 277.14
2026/08/20 17:11:19.320, 1, 100, 41593, 279.69
2026/08/20 17:11:21.320, 1, 90, 41593, 276.26
2026/08/20 17:11:23.321, 1, 99, 41593, 266.77
2026/08/20 17:11:25.321, 1, 85, 41593, 177.90
2026/08/20 17:11:27.322, 1, 99, 41593, 266.59
2026/08/20 17:11:29.322, 1, 99, 41593, 276.24
2026/08/20 17:11:31.322, 1, 100, 41593, 280.00
2026/08/20 17:11:33.323, 1, 90, 41593, 275.62
2026/08/20 17:11:35.323, 1, 99, 41593, 266.58
2026/08/20 17:11:37.324, 1, 99, 41593, 272.62
2026/08/20 17:11:39.324, 1, 100, 41593, 279.43
2026/08/20 17:11:41.325, 1, 93, 41593, 275.43
2026/08/20 17:11:43.325, 1, 99, 41593, 270.09
2026/08/20 17:11:45.326, 1, 98, 41593, 272.07
2026/08/20 17:11:47.326, 1, 100, 41593, 279.06
2026/08/20 17:11:49.326, 1, 100, 41593, 276.94
2026/08/20 17:11:51.327, 1, 91, 41593, 274.65
2026/08/20 17:11:53.328, 1, 99, 41593, 271.14
2026/08/20 17:11:55.328, 1, 96, 41593, 140.13
2026/08/20 17:11:57.328, 1, 98, 41593, 271.00
2026/08/20 17:11:59.329, 1, 100, 41593, 279.17
2026/08/20 17:12:01.329, 1, 99, 41593, 276.64
2026/08/20 17:12:03.330, 1, 93, 41593, 272.34
2026/08/20 17:12:05.330, 1, 98, 41593, 273.37
2026/08/20 17:12:07.331, 1, 100, 41593, 279.16
2026/08/20 17:12:09.331, 1, 93, 41593, 278.98
2026/08/20 17:12:11.331, 1, 99, 41593, 268.51
2026/08/20 17:12:13.332, 1, 99, 41593, 271.81
2026/08/20 17:12:15.332, 1, 100, 41593, 276.90
2026/08/20 17:12:17.333, 1, 94, 41593, 277.39
2026/08/20 17:12:19.333, 1, 99, 41593, 268.93
2026/08/20 17:12:21.334, 1, 99, 41593, 269.65
2026/08/20 17:12:23.334, 1, 100, 41593, 280.53
2026/08/20 17:12:25.335, 1, 0, 41593, 177.14
2026/08/20 17:12:27.335, 1, 100, 41593, 278.64
2026/08/20 17:12:29.336, 1, 88, 41593, 274.58
2026/08/20 17:12:31.336, 1, 99, 41593, 268.22
2026/08/20 17:12:33.336, 1, 99, 41593, 279.32
2026/08/20 17:12:35.337, 1, 100, 41593, 281.12
2026/08/20 17:12:37.337, 1, 83, 41593, 276.16
2026/08/20 17:12:39.338, 1, 98, 41593, 268.59
2026/08/20 17:12:41.338, 1, 99, 41593, 276.22
2026/08/20 17:12:43.339, 1, 100, 41593, 280.25
2026/08/20 17:12:45.339, 1, 88, 41593, 275.77
2026/08/20 17:12:47.340, 1, 99, 41593, 267.20
2026/08/20 17:12:49.340, 1, 99, 41593, 275.14
2026/08/20 17:12:51.341, 1, 100, 41593, 278.19
2026/08/20 17:12:53.341, 1, 89, 41593, 275.32
2026/08/20 17:12:55.342, 1, 0, 41593, 227.54
2026/08/20 17:12:57.342, 1, 89, 41593, 273.35
2026/08/20 17:12:59.343, 1, 98, 41593, 271.13
2026/08/20 17:13:01.343, 1, 100, 41593, 280.36
2026/08/20 17:13:03.343, 1, 100, 41593, 278.62
2026/08/20 17:13:05.344, 1, 92, 41593, 272.95
2026/08/20 17:13:07.345, 1, 99, 41593, 271.21
2026/08/20 17:13:09.345, 1, 100, 41593, 280.04
2026/08/20 17:13:11.345, 1, 100, 41593, 277.26
2026/08/20 17:13:13.346, 1, 92, 41593, 273.39
2026/08/20 17:13:15.346, 1, 98, 41593, 270.25
2026/08/20 17:13:17.347, 1, 100, 41593, 279.62
2026/08/20 17:13:19.347, 1, 93, 41593, 278.83
2026/08/20 17:13:21.348, 1, 99, 41593, 267.94
2026/08/20 17:13:23.348, 1, 99, 41593, 271.10
2026/08/20 17:13:25.349, 1, 0, 41593, 269.97
2026/08/20 17:13:27.349, 1, 99, 41593, 280.22
2026/08/20 17:13:29.349, 1, 100, 41593, 280.74
2026/08/20 17:13:31.350, 1, 91, 41593, 277.01
2026/08/20 17:13:33.350, 1, 98, 41593, 269.16
2026/08/20 17:13:35.351, 1, 100, 41593, 280.10
2026/08/20 17:13:37.351, 1, 100, 41593, 279.67
2026/08/20 17:13:39.352, 1, 90, 41593, 275.39
2026/08/20 17:13:41.352, 1, 99, 41593, 270.23
2026/08/20 17:13:43.352, 1, 100, 41593, 280.96
2026/08/20 17:13:45.353, 1, 100, 41593, 277.61
2026/08/20 17:13:47.353, 1, 87, 41593, 265.87
2026/08/20 17:13:49.354, 1, 99, 41593, 273.55
2026/08/20 17:13:51.354, 1, 99, 41593, 278.28
2026/08/20 17:13:53.355, 1, 92, 41593, 275.46
2026/08/20 17:13:55.355, 1, 98, 41593, 272.33
2026/08/20 17:13:57.356, 1, 86, 41593, 250.16
2026/08/20 17:13:59.356, 1, 99, 41593, 271.18
2026/08/20 17:14:01.357, 1, 100, 41593, 280.72
2026/08/20 17:14:03.357, 1, 100, 41593, 277.13
2026/08/20 17:14:05.357, 1, 94, 41593, 273.10
2026/08/20 17:14:07.358, 1, 99, 41593, 272.95
2026/08/20 17:14:09.358, 1, 100, 41593, 280.61
2026/08/20 17:14:11.359, 1, 89, 41593, 276.38
2026/08/20 17:14:13.359, 1, 98, 41593, 267.79
2026/08/20 17:14:15.360, 1, 99, 41593, 274.67
2026/08/20 17:14:17.360, 1, 100, 41593, 277.45
2026/08/20 17:14:19.361, 1, 90, 41593, 276.55
2026/08/20 17:14:21.361, 1, 99, 41593, 271.86
2026/08/20 17:14:23.362, 1, 100, 41593, 281.61
2026/08/20 17:14:25.362, 1, 100, 41593, 279.24
2026/08/20 17:14:27.363, 1, 100, 41593, 224.67
2026/08/20 17:14:29.363, 1, 90, 41593, 276.62
2026/08/20 17:14:31.364, 1, 99, 41593, 272.05
2026/08/20 17:14:33.364, 1, 99, 41593, 277.43
2026/08/20 17:14:35.364, 1, 100, 41593, 279.96
2026/08/20 17:14:37.365, 1, 88, 41593, 277.20
2026/08/20 17:14:39.366, 1, 99, 41593, 275.98
2026/08/20 17:14:41.366, 1, 99, 41593, 280.13
2026/08/20 17:14:43.367, 1, 100, 41593, 280.58
2026/08/20 17:14:45.367, 1, 88, 41593, 274.25
2026/08/20 17:14:47.367, 1, 98, 41593, 266.61
2026/08/20 17:14:49.368, 1, 99, 41593, 271.65
2026/08/20 17:14:51.368, 1, 100, 41593, 278.01
2026/08/20 17:14:53.369, 1, 92, 41593, 276.42
2026/08/20 17:14:55.369, 1, 99, 41593, 267.32
2026/08/20 17:14:57.370, 1, 83, 41593, 184.12
2026/08/20 17:14:59.370, 1, 98, 41593, 270.91
2026/08/20 17:15:01.371, 1, 100, 41593, 279.88
2026/08/20 17:15:03.371, 1, 99, 41593, 278.63
2026/08/20 17:15:05.372, 1, 97, 41593, 270.52
2026/08/20 17:15:07.372, 1, 98, 41593, 270.24
2026/08/20 17:15:09.373, 1, 100, 41593, 278.26
2026/08/20 17:15:11.373, 1, 100, 41593, 276.49
2026/08/20 17:15:13.374, 1, 91, 41593, 273.83
2026/08/20 17:15:15.374, 1, 98, 41593, 271.13
2026/08/20 17:15:17.375, 1, 100, 41593, 277.50
2026/08/20 17:15:19.375, 1, 100, 41593, 279.57
2026/08/20 17:15:21.376, 1, 89, 41593, 275.00
2026/08/20 17:15:23.376, 1, 99, 41593, 269.36
2026/08/20 17:15:25.376, 1, 99, 41593, 281.10
2026/08/20 17:15:27.377, 1, 98, 41593, 146.35
2026/08/20 17:15:29.378, 1, 100, 41593, 279.22
2026/08/20 17:15:31.378, 1, 88, 41593, 276.47
2026/08/20 17:15:33.378, 1, 98, 41593, 267.76
2026/08/20 17:15:35.379, 1, 99, 41593, 278.35
2026/08/20 17:15:37.379, 1, 100, 41593, 278.95
2026/08/20 17:15:39.380, 1, 90, 41593, 276.04
2026/08/20 17:15:41.380, 1, 99, 41593, 268.95
2026/08/20 17:15:43.381, 1, 99, 41593, 278.41
2026/08/20 17:15:45.381, 1, 100, 41593, 280.01
2026/08/20 17:15:47.382, 1, 90, 41593, 274.39
2026/08/20 17:15:49.382, 1, 99, 41593, 269.14
2026/08/20 17:15:51.382, 1, 99, 41593, 280.32
2026/08/20 17:15:53.383, 1, 100, 41593, 280.74
2026/08/20 17:15:55.383, 1, 91, 41593, 274.81
2026/08/20 17:15:57.384, 1, 97, 41595, 165.66
2026/08/20 17:15:59.384, 1, 99, 41595, 279.31
2026/08/20 17:16:01.385, 1, 100, 41595, 280.33
2026/08/20 17:16:03.385, 1, 89, 41595, 275.46
2026/08/20 17:16:05.386, 1, 99, 41595, 271.28
2026/08/20 17:16:07.386, 1, 100, 41595, 279.60
2026/08/20 17:16:09.387, 1, 100, 41595, 278.98
2026/08/20 17:16:11.387, 1, 91, 41595, 273.29
2026/08/20 17:16:13.388, 1, 99, 41595, 270.93
2026/08/20 17:16:15.388, 1, 100, 41595, 280.46
2026/08/20 17:16:17.389, 1, 100, 41595, 274.99
2026/08/20 17:16:19.389, 1, 91, 41595, 275.63
2026/08/20 17:16:21.389, 1, 98, 41595, 271.72
2026/08/20 17:16:23.390, 1, 100, 41595, 280.06
2026/08/20 17:16:25.390, 1, 100, 41595, 279.93
2026/08/20 17:16:27.391, 1, 0, 41595, 151.80
2026/08/20 17:16:29.391, 1, 97, 41595, 274.47
2026/08/20 17:16:31.392, 1, 99, 41595, 271.47
2026/08/20 17:16:33.392, 1, 99, 41595, 280.84
2026/08/20 17:16:35.393, 1, 100, 41595, 279.39
2026/08/20 17:16:37.393, 1, 89, 41595, 276.50
2026/08/20 17:16:39.394, 1, 99, 41595, 270.47
2026/08/20 17:16:41.394, 1, 100, 41595, 280.58
2026/08/20 17:16:43.395, 1, 93, 41595, 277.77
2026/08/20 17:16:45.395, 1, 99, 41595, 271.73
2026/08/20 17:16:47.396, 1, 99, 41595, 283.13
2026/08/20 17:16:49.396, 1, 100, 41595, 276.26
2026/08/20 17:16:51.397, 1, 99, 41595, 267.51
2026/08/20 17:16:53.397, 1, 99, 41595, 271.98
2026/08/20 17:16:55.398, 1, 100, 41595, 279.87
2026/08/20 17:16:57.398, 1, 0, 41595, 178.01
2026/08/20 17:16:59.399, 1, 100, 41595, 279.27
2026/08/20 17:17:01.399, 1, 91, 41595, 275.23
2026/08/20 17:17:03.400, 1, 99, 41595, 270.60
2026/08/20 17:17:05.400, 1, 100, 41595, 279.78
2026/08/20 17:17:07.401, 1, 100, 41595, 278.91
2026/08/20 17:17:09.402, 1, 92, 41595, 273.76
2026/08/20 17:17:11.402, 1, 99, 41595, 268.87
2026/08/20 17:17:13.403, 1, 100, 41595, 279.77
2026/08/20 17:17:15.403, 1, 100, 41595, 279.35
2026/08/20 17:17:17.404, 1, 86, 41595, 274.29
2026/08/20 17:17:19.404, 1, 98, 41595, 270.14
2026/08/20 17:17:21.405, 1, 100, 41595, 280.77
2026/08/20 17:17:23.405, 1, 100, 41595, 280.48
2026/08/20 17:17:25.406, 1, 89, 41595, 274.48
2026/08/20 17:17:27.406, 1, 0, 41595, 222.79
2026/08/20 17:17:29.407, 1, 99, 41595, 267.97
2026/08/20 17:17:31.407, 1, 99, 41595, 270.54
2026/08/20 17:17:33.408, 1, 100, 41595, 279.39
2026/08/20 17:17:35.408, 1, 87, 41595, 274.97
2026/08/20 17:17:37.409, 1, 99, 41595, 272.65
2026/08/20 17:17:39.409, 1, 100, 41595, 282.60
2026/08/20 17:17:41.409, 1, 100, 41595, 279.41
2026/08/20 17:17:43.410, 1, 96, 41595, 271.51
2026/08/20 17:17:45.410, 1, 99, 41595, 272.32
2026/08/20 17:17:47.411, 1, 100, 41595, 278.79
2026/08/20 17:17:49.411, 1, 90, 41595, 275.99
2026/08/20 17:17:51.412, 1, 99, 41595, 268.24
2026/08/20 17:17:53.412, 1, 99, 41595, 277.72
2026/08/20 17:17:55.412, 1, 100, 41595, 283.17
2026/08/20 17:17:57.413, 1, 0, 41595, 238.27
2026/08/20 17:17:59.413, 1, 97, 41595, 280.97
2026/08/20 17:18:01.414, 1, 99, 41595, 267.76
2026/08/20 17:18:03.414, 1, 99, 41595, 272.66
2026/08/20 17:18:05.415, 1, 100, 41595, 281.11
2026/08/20 17:18:07.415, 1, 89, 41595, 271.77
2026/08/20 17:18:09.416, 1, 99, 41595, 266.20
2026/08/20 17:18:11.416, 1, 99, 41595, 274.68
2026/08/20 17:18:13.416, 1, 100, 41595, 281.93
2026/08/20 17:18:15.417, 1, 86, 41595, 275.15
2026/08/20 17:18:17.417, 1, 98, 41595, 271.41
2026/08/20 17:18:19.418, 1, 100, 41595, 281.03
2026/08/20 17:18:21.418, 1, 100, 41595, 279.52
2026/08/20 17:18:23.419, 1, 99, 41595, 270.88
2026/08/20 17:18:25.419, 1, 99, 41595, 272.33
2026/08/20 17:18:27.420, 1, 0, 41595, 268.69
2026/08/20 17:18:29.420, 1, 99, 41595, 280.39
2026/08/20 17:18:31.421, 1, 100, 41595, 279.42
2026/08/20 17:18:33.421, 1, 90, 41595, 273.03
2026/08/20 17:18:35.422, 1, 99, 41595, 273.89
2026/08/20 17:18:37.422, 1, 100, 41595, 281.19
2026/08/20 17:18:39.423, 1, 100, 41595, 279.10
2026/08/20 17:18:41.423, 1, 99, 41595, 270.85
2026/08/20 17:18:43.424, 1, 99, 41595, 270.94
2026/08/20 17:18:45.424, 1, 100, 41595, 277.61
2026/08/20 17:18:47.425, 1, 89, 41595, 275.36
2026/08/20 17:18:49.425, 1, 99, 41595, 266.89
2026/08/20 17:18:51.426, 1, 99, 41595, 272.72
2026/08/20 17:18:53.427, 1, 100, 41595, 279.76
2026/08/20 17:18:55.427, 1, 87, 41595, 276.71
2026/08/20 17:18:57.428, 1, 100, 41595, 273.21
2026/08/20 17:18:59.428, 1, 99, 41595, 254.35
2026/08/20 17:19:01.429, 1, 99, 41595, 273.63
2026/08/20 17:19:03.429, 1, 100, 41595, 279.18
2026/08/20 17:19:05.430, 1, 91, 41595, 276.05
2026/08/20 17:19:07.430, 1, 99, 41595, 268.38
2026/08/20 17:19:09.431, 1, 99, 41595, 280.73
2026/08/20 17:19:11.431, 1, 100, 41595, 280.30
2026/08/20 17:19:13.431, 1, 89, 41595, 274.68
2026/08/20 17:19:15.432, 1, 99, 41595, 270.52
2026/08/20 17:19:17.432, 1, 100, 41595, 280.70
2026/08/20 17:19:19.433, 1, 100, 41595, 278.06
2026/08/20 17:19:21.433, 1, 89, 41595, 274.60
2026/08/20 17:19:23.433, 1, 99, 41595, 268.15
2026/08/20 17:19:25.434, 1, 99, 41595, 280.32
2026/08/20 17:19:27.434, 1, 100, 41595, 279.95
2026/08/20 17:19:29.435, 1, 100, 41595, 218.38
2026/08/20 17:19:31.435, 1, 92, 41595, 277.99
2026/08/20 17:19:33.436, 1, 99, 41595, 266.70
2026/08/20 17:19:35.436, 1, 99, 41595, 273.68
2026/08/20 17:19:37.437, 1, 100, 41595, 278.62
2026/08/20 17:19:39.437, 1, 89, 41595, 276.36
2026/08/20 17:19:41.438, 1, 99, 41595, 267.39
2026/08/20 17:19:43.438, 1, 99, 41595, 279.91
2026/08/20 17:19:45.439, 1, 100, 41595, 274.77
2026/08/20 17:19:47.439, 1, 90, 41595, 267.53
2026/08/20 17:19:49.440, 1, 99, 41595, 270.39
2026/08/20 17:19:51.440, 1, 100, 41595, 279.01
2026/08/20 17:19:53.440, 1, 97, 41595, 277.27
2026/08/20 17:19:55.441, 1, 99, 41595, 270.66
2026/08/20 17:19:57.441, 1, 99, 41595, 271.24
2026/08/20 17:19:59.442, 1, 98, 41595, 191.17
2026/08/20 17:20:01.442, 1, 98, 41595, 275.91
2026/08/20 17:20:03.443, 1, 100, 41595, 279.34
2026/08/20 17:20:05.443, 1, 91, 41595, 273.68
2026/08/20 17:20:07.443, 1, 99, 41595, 265.01
2026/08/20 17:20:09.444, 1, 99, 41595, 278.21
2026/08/20 17:20:11.444, 1, 100, 41595, 280.71
2026/08/20 17:20:13.445, 1, 91, 41595, 275.68
2026/08/20 17:20:15.445, 1, 99, 41595, 270.92
2026/08/20 17:20:17.446, 1, 100, 41595, 280.59
2026/08/20 17:20:19.446, 1, 99, 41595, 276.76
2026/08/20 17:20:21.446, 1, 97, 41595, 271.35
2026/08/20 17:20:23.447, 1, 99, 41595, 272.76
2026/08/20 17:20:25.447, 1, 100, 41595, 278.70
2026/08/20 17:20:27.451, 1, 91, 41595, 276.74
2026/08/20 17:20:29.451, 1, 87, 41595, 178.98
2026/08/20 17:20:31.452, 1, 99, 41595, 271.28
2026/08/20 17:20:33.452, 1, 99, 41595, 279.65
2026/08/20 17:20:35.453, 1, 100, 41595, 277.91
2026/08/20 17:20:37.453, 1, 89, 41595, 274.88
2026/08/20 17:20:39.454, 1, 98, 41595, 269.01
2026/08/20 17:20:41.454, 1, 100, 41595, 284.08
2026/08/20 17:20:43.454, 1, 100, 41595, 276.70
2026/08/20 17:20:45.455, 1, 90, 41595, 275.43
2026/08/20 17:20:47.456, 1, 98, 41595, 272.80
2026/08/20 17:20:49.456, 1, 100, 41595, 278.39
2026/08/20 17:20:51.457, 1, 89, 41595, 276.98
2026/08/20 17:20:53.458, 1, 99, 41595, 272.03
2026/08/20 17:20:55.458, 1, 99, 41595, 275.48
2026/08/20 17:20:57.459, 1, 100, 41595, 278.92
2026/08/20 17:20:59.460, 1, 98, 41595, 115.38
2026/08/20 17:21:01.460, 1, 100, 41595, 278.12
2026/08/20 17:21:03.461, 1, 89, 41595, 275.95
2026/08/20 17:21:05.462, 1, 99, 41595, 268.23
2026/08/20 17:21:07.463, 1, 99, 41595, 274.11
2026/08/20 17:21:09.463, 1, 100, 41595, 280.37
2026/08/20 17:21:11.464, 1, 89, 41595, 276.28
2026/08/20 17:21:13.464, 1, 99, 41595, 269.24
2026/08/20 17:21:15.465, 1, 100, 41595, 282.35
2026/08/20 17:21:17.465, 1, 97, 41595, 280.16
2026/08/20 17:21:19.466, 1, 95, 41595, 271.21
2026/08/20 17:21:21.466, 1, 98, 41595, 272.26
2026/08/20 17:21:23.467, 1, 100, 41595, 281.11
2026/08/20 17:21:25.467, 1, 94, 41595, 277.72
2026/08/20 17:21:27.468, 1, 99, 41595, 268.66
2026/08/20 17:21:29.468, 1, 4, 41595, 124.69
2026/08/20 17:21:31.468, 1, 94, 41595, 272.45
2026/08/20 17:21:33.469, 1, 98, 41595, 269.17
2026/08/20 17:21:35.469, 1, 100, 41595, 279.54
2026/08/20 17:21:37.470, 1, 90, 41595, 280.09
2026/08/20 17:21:39.470, 1, 99, 41595, 266.75
2026/08/20 17:21:41.471, 1, 99, 41595, 272.74
2026/08/20 17:21:43.471, 1, 100, 41595, 278.23
2026/08/20 17:21:45.472, 1, 88, 41595, 276.35
2026/08/20 17:21:47.472, 1, 99, 41595, 267.25
2026/08/20 17:21:49.473, 1, 99, 41595, 274.04
2026/08/20 17:21:51.473, 1, 100, 41595, 277.17
2026/08/20 17:21:53.474, 1, 89, 41595, 276.29
2026/08/20 17:21:55.474, 1, 99, 41595, 266.60
2026/08/20 17:21:57.475, 1, 99, 41595, 270.23
2026/08/20 17:21:59.475, 1, 0, 41595, 189.60
2026/08/20 17:22:01.475, 1, 100, 41595, 281.53
2026/08/20 17:22:03.476, 1, 100, 41595, 278.45
2026/08/20 17:22:05.476, 1, 89, 41595, 276.03
2026/08/20 17:22:07.477, 1, 99, 41595, 272.02
2026/08/20 17:22:09.477, 1, 100, 41595, 277.53
2026/08/20 17:22:11.478, 1, 99, 41595, 276.48
2026/08/20 17:22:13.478, 1, 95, 41595, 270.40
2026/08/20 17:22:15.479, 1, 98, 41595, 270.55
2026/08/20 17:22:17.479, 1, 100, 41595, 278.02
2026/08/20 17:22:19.480, 1, 99, 41595, 276.71
2026/08/20 17:22:21.480, 1, 95, 41595, 274.82
2026/08/20 17:22:23.481, 1, 99, 41595, 272.22
2026/08/20 17:22:25.481, 1, 100, 41595, 279.44
2026/08/20 17:22:27.482, 1, 94, 41595, 277.61
2026/08/20 17:22:29.482, 1, 0, 41595, 227.53
2026/08/20 17:22:31.483, 1, 88, 41595, 275.86
2026/08/20 17:22:33.483, 1, 99, 41595, 268.94
2026/08/20 17:22:35.484, 1, 99, 41595, 269.53
2026/08/20 17:22:37.484, 1, 100, 41595, 278.39
2026/08/20 17:22:39.485, 1, 92, 41595, 270.86
2026/08/20 17:22:41.485, 1, 99, 41595, 268.73
2026/08/20 17:22:43.485, 1, 99, 41595, 279.16
2026/08/20 17:22:45.486, 1, 100, 41595, 275.85
2026/08/20 17:22:47.486, 1, 99, 41595, 268.33
2026/08/20 17:22:49.487, 1, 99, 41595, 269.92
2026/08/20 17:22:51.487, 1, 100, 41595, 277.85
2026/08/20 17:22:53.488, 1, 91, 41595, 276.02
2026/08/20 17:22:55.488, 1, 99, 41595, 268.18
2026/08/20 17:22:57.489, 1, 99, 41595, 273.88
2026/08/20 17:22:59.489, 1, 0, 41595, 267.38
2026/08/20 17:23:01.490, 1, 100, 41595, 281.21
2026/08/20 17:23:03.490, 1, 100, 41595, 278.20
2026/08/20 17:23:05.491, 1, 94, 41595, 272.17
2026/08/20 17:23:07.491, 1, 99, 41595, 272.27
2026/08/20 17:23:09.492, 1, 100, 41595, 277.52
2026/08/20 17:23:11.492, 1, 92, 41595, 277.33
2026/08/20 17:23:13.493, 1, 99, 41595, 267.96
2026/08/20 17:23:15.493, 1, 99, 41595, 274.10
2026/08/20 17:23:17.493, 1, 100, 41595, 279.39
2026/08/20 17:23:19.494, 1, 90, 41595, 276.55
2026/08/20 17:23:21.494, 1, 99, 41595, 269.16
2026/08/20 17:23:23.495, 1, 99, 41595, 280.21
2026/08/20 17:23:25.496, 1, 100, 41595, 279.02
2026/08/20 17:23:27.496, 1, 69, 41595, 276.23
2026/08/20 17:23:29.496, 1, 99, 41595, 270.69
2026/08/20 17:23:31.497, 1, 96, 41595, 240.12
2026/08/20 17:23:33.498, 1, 99, 41595, 267.29
2026/08/20 17:23:35.498, 1, 99, 41595, 270.92
2026/08/20 17:23:37.499, 1, 100, 41595, 277.87
2026/08/20 17:23:39.499, 1, 98, 41595, 277.38
2026/08/20 17:23:41.500, 1, 96, 41595, 270.47
2026/08/20 17:23:43.500, 1, 99, 41595, 271.32
2026/08/20 17:23:45.501, 1, 100, 41595, 280.92
2026/08/20 17:23:47.502, 1, 99, 41595, 276.62
2026/08/20 17:23:49.502, 1, 94, 41595, 271.80
2026/08/20 17:23:51.502, 1, 98, 41595, 270.05
2026/08/20 17:23:53.503, 1, 100, 41595, 280.50
2026/08/20 17:23:55.503, 1, 100, 41595, 280.71
2026/08/20 17:23:57.504, 1, 89, 41595, 275.85
2026/08/20 17:23:59.504, 1, 99, 41595, 269.80
2026/08/20 17:24:01.505, 1, 98, 41595, 165.81
2026/08/20 17:24:03.505, 1, 98, 41595, 271.17
2026/08/20 17:24:05.506, 1, 100, 41595, 277.96
2026/08/20 17:24:07.506, 1, 86, 41595, 275.62
2026/08/20 17:24:09.506, 1, 98, 41595, 270.78
2026/08/20 17:24:11.507, 1, 99, 41595, 279.41
2026/08/20 17:24:13.507, 1, 100, 41595, 280.28
2026/08/20 17:24:15.508, 1, 91, 41595, 277.10
2026/08/20 17:24:17.508, 1, 98, 41595, 271.18
2026/08/20 17:24:19.511, 1, 100, 41595, 281.63
2026/08/20 17:24:21.512, 1, 98, 41595, 276.60
2026/08/20 17:24:23.512, 1, 99, 41595, 269.21
2026/08/20 17:24:25.513, 1, 99, 41595, 272.52
2026/08/20 17:24:27.513, 1, 100, 41595, 280.68
2026/08/20 17:24:29.513, 1, 89, 41595, 278.63
2026/08/20 17:24:31.514, 1, 100, 41595, 157.71
2026/08/20 17:24:33.514, 1, 90, 41595, 276.90
2026/08/20 17:24:35.515, 1, 99, 41595, 266.66
2026/08/20 17:24:37.515, 1, 99, 41595, 279.42
2026/08/20 17:24:39.516, 1, 100, 41595, 280.08
2026/08/20 17:24:41.516, 1, 86, 41595, 275.67
2026/08/20 17:24:43.517, 1, 99, 41595, 269.29
2026/08/20 17:24:45.517, 1, 100, 41595, 283.78
2026/08/20 17:24:47.517, 1, 100, 41595, 278.12
2026/08/20 17:24:49.518, 1, 95, 41595, 272.28
2026/08/20 17:24:51.518, 1, 99, 41595, 271.28
2026/08/20 17:24:53.519, 1, 100, 41595, 280.62
2026/08/20 17:24:55.520, 1, 92, 41595, 276.78
2026/08/20 17:24:57.520, 1, 99, 41595, 267.51
2026/08/20 17:24:59.520, 1, 99, 41595, 271.24
2026/08/20 17:25:01.521, 1, 97, 41595, 119.46
2026/08/20 17:25:03.521, 1, 100, 41595, 276.90
2026/08/20 17:25:05.522, 1, 100, 41595, 278.96
2026/08/20 17:25:07.522, 1, 99, 41595, 270.71
2026/08/20 17:25:09.523, 1, 99, 41595, 272.17
2026/08/20 17:25:11.523, 1, 100, 41595, 277.17
2026/08/20 17:25:13.523, 1, 90, 41595, 276.83
2026/08/20 17:25:15.524, 1, 99, 41595, 265.49
2026/08/20 17:25:17.525, 1, 99, 41595, 271.51
2026/08/20 17:25:19.525, 1, 100, 41595, 278.68
2026/08/20 17:25:21.526, 1, 90, 41595, 276.00
2026/08/20 17:25:23.526, 1, 99, 41595, 270.15
2026/08/20 17:25:25.527, 1, 99, 41595, 277.71
2026/08/20 17:25:27.529, 1, 100, 41595, 280.86
2026/08/20 17:25:29.530, 1, 91, 41595, 278.48
2026/08/20 17:25:31.530, 1, 0, 41595, 141.05
2026/08/20 17:25:33.531, 1, 90, 41595, 273.51
2026/08/20 17:25:35.531, 1, 99, 41595, 271.16
2026/08/20 17:25:37.532, 1, 100, 41595, 279.34
2026/08/20 17:25:39.532, 1, 100, 41595, 273.32
2026/08/20 17:25:41.532, 1, 88, 41595, 270.01
2026/08/20 17:25:43.533, 1, 100, 41595, 283.75
2026/08/20 17:25:45.534, 1, 100, 41595, 279.39
2026/08/20 17:25:47.534, 1, 91, 41595, 273.73
2026/08/20 17:25:49.535, 1, 99, 41595, 267.60
2026/08/20 17:25:51.535, 1, 99, 41595, 279.89
2026/08/20 17:25:53.536, 1, 100, 41595, 280.60
2026/08/20 17:25:55.536, 1, 91, 41595, 274.49
2026/08/20 17:25:57.537, 1, 99, 41595, 267.80
2026/08/20 17:25:59.537, 1, 99, 41595, 278.07
2026/08/20 17:26:01.537, 1, 0, 41595, 194.84
2026/08/20 17:26:03.538, 1, 100, 41595, 281.54
2026/08/20 17:26:05.538, 1, 100, 41595, 279.31
2026/08/20 17:26:07.539, 1, 91, 41595, 277.28
2026/08/20 17:26:09.540, 1, 99, 41595, 274.23
2026/08/20 17:26:11.540, 1, 100, 41595, 284.31
2026/08/20 17:26:13.541, 1, 100, 41595, 280.70
2026/08/20 17:26:15.541, 1, 95, 41595, 271.34
2026/08/20 17:26:17.542, 1, 99, 41595, 272.40
2026/08/20 17:26:19.542, 1, 100, 41595, 278.05
2026/08/20 17:26:21.543, 1, 92, 41595, 278.09
2026/08/20 17:26:23.543, 1, 98, 41595, 268.34
2026/08/20 17:26:25.544, 1, 99, 41595, 269.32
2026/08/20 17:26:27.544, 1, 100, 41595, 281.82
2026/08/20 17:26:29.544, 1, 90, 41595, 278.23
2026/08/20 17:26:31.545, 1, 0, 41595, 224.20
2026/08/20 17:26:33.545, 1, 99, 41595, 269.40
2026/08/20 17:26:35.546, 1, 99, 41595, 273.81
2026/08/20 17:26:37.546, 1, 100, 41595, 280.54
2026/08/20 17:26:39.547, 1, 89, 41595, 275.93
2026/08/20 17:26:41.547, 1, 99, 41595, 266.10
2026/08/20 17:26:43.548, 1, 99, 41595, 270.51
2026/08/20 17:26:45.548, 1, 100, 41595, 279.55
2026/08/20 17:26:47.549, 1, 97, 41595, 277.70
2026/08/20 17:26:49.549, 1, 99, 41595, 269.70
2026/08/20 17:26:51.549, 1, 99, 41595, 269.17
2026/08/20 17:26:53.550, 1, 100, 41595, 276.88
2026/08/20 17:26:55.550, 1, 100, 41595, 274.91
2026/08/20 17:26:57.551, 1, 88, 41595, 272.32
2026/08/20 17:26:59.551, 1, 99, 41595, 268.33
2026/08/20 17:27:01.552, 1, 6, 41595, 283.11
2026/08/20 17:27:03.552, 1, 99, 41595, 275.77
2026/08/20 17:27:05.552, 1, 100, 41595, 275.80
2026/08/20 17:27:07.553, 1, 89, 41595, 274.88
2026/08/20 17:27:09.553, 1, 99, 41595, 267.54
2026/08/20 17:27:11.554, 1, 100, 41595, 282.76
2026/08/20 17:27:13.554, 1, 100, 41595, 279.98
2026/08/20 17:27:15.555, 1, 87, 41595, 278.19
2026/08/20 17:27:17.555, 1, 99, 41595, 269.54
2026/08/20 17:27:19.556, 1, 99, 41595, 279.20
2026/08/20 17:27:21.556, 1, 100, 41595, 278.48
2026/08/20 17:27:23.557, 1, 88, 41595, 278.01
2026/08/20 17:27:25.557, 1, 99, 41595, 266.82
2026/08/20 17:27:27.558, 1, 99, 41595, 275.59
2026/08/20 17:27:29.559, 1, 100, 41595, 279.86
2026/08/20 17:27:31.559, 1, 96, 41595, 275.96
2026/08/20 17:27:33.559, 1, 100, 41595, 219.45
2026/08/20 17:27:35.560, 1, 87, 41595, 279.17
2026/08/20 17:27:37.560, 1, 99, 41595, 264.78
2026/08/20 17:27:39.561, 1, 99, 41595, 271.78
2026/08/20 17:27:41.561, 1, 100, 41595, 277.48
2026/08/20 17:27:43.562, 1, 90, 41595, 279.98
2026/08/20 17:27:45.562, 1, 98, 41595, 267.05
2026/08/20 17:27:47.562, 1, 99, 41595, 278.13
2026/08/20 17:27:49.563, 1, 100, 41595, 274.93
2026/08/20 17:27:51.563, 1, 98, 41595, 280.28
2026/08/20 17:27:53.564, 1, 89, 41595, 271.08
2026/08/20 17:27:55.564, 1, 99, 41595, 269.48
2026/08/20 17:27:57.565, 1, 100, 41595, 282.46
2026/08/20 17:27:59.565, 1, 100, 41595, 280.92
2026/08/20 17:28:01.566, 1, 91, 41595, 273.33
2026/08/20 17:28:03.566, 1, 100, 41595, 150.58
2026/08/20 17:28:05.567, 1, 92, 41595, 274.36
2026/08/20 17:28:07.567, 1, 99, 41595, 265.98
2026/08/20 17:28:09.568, 1, 100, 41595, 280.51
2026/08/20 17:28:11.569, 1, 100, 41595, 277.22
2026/08/20 17:28:13.569, 1, 88, 41595, 275.60
2026/08/20 17:28:15.569, 1, 99, 41595, 271.15
2026/08/20 17:28:17.570, 1, 100, 41595, 280.15
2026/08/20 17:28:19.570, 1, 100, 41595, 279.87
2026/08/20 17:28:21.571, 1, 90, 41595, 275.77
2026/08/20 17:28:23.571, 1, 99, 41595, 269.66
2026/08/20 17:28:25.572, 1, 99, 41595, 280.60
2026/08/20 17:28:27.572, 1, 100, 41595, 279.46
2026/08/20 17:28:29.573, 1, 92, 41595, 277.39
2026/08/20 17:28:31.573, 1, 99, 41595, 270.63
2026/08/20 17:28:33.573, 1, 90, 41595, 138.25
2026/08/20 17:28:35.574, 1, 99, 41595, 279.69
2026/08/20 17:28:37.574, 1, 100, 41595, 282.04
2026/08/20 17:28:39.575, 1, 92, 41595, 271.63
2026/08/20 17:28:41.576, 1, 99, 41595, 270.50
2026/08/20 17:28:43.576, 1, 100, 41595, 277.90
2026/08/20 17:28:45.577, 1, 99, 41595, 277.20
2026/08/20 17:28:47.577, 1, 94, 41595, 271.37
2026/08/20 17:28:49.578, 1, 99, 41595, 270.95
2026/08/20 17:28:51.578, 1, 100, 41595, 279.88
2026/08/20 17:28:53.579, 1, 100, 41595, 278.98
2026/08/20 17:28:55.579, 1, 93, 41595, 269.19
2026/08/20 17:28:57.579, 1, 98, 41595, 272.26
2026/08/20 17:28:59.580, 1, 100, 41595, 281.95
2026/08/20 17:29:01.580, 1, 99, 41595, 275.60
2026/08/20 17:29:03.581, 1, 0, 41595, 163.52
2026/08/20 17:29:05.581, 1, 88, 41595, 275.19
2026/08/20 17:29:07.582, 1, 99, 41595, 270.48
2026/08/20 17:29:09.582, 1, 99, 41595, 278.06
2026/08/20 17:29:11.583, 1, 100, 41595, 280.95
2026/08/20 17:29:13.584, 1, 89, 41595, 274.51
2026/08/20 17:29:15.584, 1, 99, 41595, 272.95
2026/08/20 17:29:17.585, 1, 99, 41595, 279.41
2026/08/20 17:29:19.585, 1, 100, 41595, 278.98
2026/08/20 17:29:21.586, 1, 91, 41595, 276.49
2026/08/20 17:29:23.586, 1, 99, 41595, 267.23
2026/08/20 17:29:25.586, 1, 99, 41595, 275.89
2026/08/20 17:29:27.587, 1, 100, 41595, 279.19
2026/08/20 17:29:29.588, 1, 90, 41595, 275.52
2026/08/20 17:29:31.588, 1, 99, 41595, 267.26
2026/08/20 17:29:33.589, 1, 0, 41595, 213.96
2026/08/20 17:29:35.589, 1, 99, 41595, 270.15
2026/08/20 17:29:37.589, 1, 100, 41595, 283.56
2026/08/20 17:29:39.590, 1, 98, 41595, 279.30
2026/08/20 17:29:41.590, 1, 96, 41595, 270.67
2026/08/20 17:29:43.591, 1, 98, 41595, 271.07
2026/08/20 17:29:45.592, 1, 100, 41595, 279.06
2026/08/20 17:29:47.592, 1, 98, 41595, 276.65
2026/08/20 17:29:49.593, 1, 97, 41595, 271.18
2026/08/20 17:29:51.593, 1, 99, 41595, 270.83
2026/08/20 17:29:53.594, 1, 100, 41595, 279.43
2026/08/20 17:29:55.594, 1, 99, 41595, 276.55
2026/08/20 17:29:57.594, 1, 97, 41595, 271.13
2026/08/20 17:29:59.595, 1, 99, 41595, 270.49
2026/08/20 17:30:01.595, 1, 100, 41595, 283.52
2026/08/20 17:30:03.596, 1, 0, 41595, 242.14
2026/08/20 17:30:05.596, 1, 100, 41595, 276.53
2026/08/20 17:30:07.597, 1, 91, 41595, 272.86
2026/08/20 17:30:09.597, 1, 98, 41595, 270.98
2026/08/20 17:30:11.597, 1, 100, 41595, 280.33
2026/08/20 17:30:13.598, 1, 98, 41595, 276.57
2026/08/20 17:30:15.599, 1, 95, 41595, 270.29
2026/08/20 17:30:17.599, 1, 98, 41595, 271.09
2026/08/20 17:30:19.600, 1, 100, 41595, 278.69
2026/08/20 17:30:21.600, 1, 93, 41595, 278.08
2026/08/20 17:30:23.601, 1, 99, 41595, 269.29
2026/08/20 17:30:25.601, 1, 99, 41595, 271.04
2026/08/20 17:30:27.601, 1, 100, 41595, 280.06
2026/08/20 17:30:29.602, 1, 86, 41595, 279.11
2026/08/20 17:30:31.603, 1, 99, 41595, 269.50
2026/08/20 17:30:33.603, 1, 6, 41595, 284.83
2026/08/20 17:30:35.603, 1, 99, 41595, 266.80
2026/08/20 17:30:37.604, 1, 100, 41595, 278.66
2026/08/20 17:30:39.604, 1, 92, 41595, 274.39
2026/08/20 17:30:41.605, 1, 99, 41595, 266.04
2026/08/20 17:30:43.606, 1, 99, 41595, 269.96
2026/08/20 17:30:45.606, 1, 100, 41595, 279.48
2026/08/20 17:30:47.606, 1, 90, 41595, 274.38
2026/08/20 17:30:49.607, 1, 99, 41595, 265.70
2026/08/20 17:30:51.607, 1, 99, 41595, 273.79
2026/08/20 17:30:53.608, 1, 100, 41595, 279.85
2026/08/20 17:30:55.608, 1, 89, 41595, 277.67
2026/08/20 17:30:57.609, 1, 98, 41595, 266.94
2026/08/20 17:30:59.609, 1, 99, 41595, 275.68
2026/08/20 17:31:01.610, 1, 100, 41595, 279.66
2026/08/20 17:31:03.610, 1, 97, 41595, 275.52
2026/08/20 17:31:05.611, 1, 100, 41595, 236.49
2026/08/20 17:31:07.611, 1, 95, 41595, 271.08
2026/08/20 17:31:09.611, 1, 98, 41595, 272.29
2026/08/20 17:31:11.612, 1, 100, 41595, 279.33
2026/08/20 17:31:13.612, 1, 98, 41595, 276.90
2026/08/20 17:31:15.613, 1, 95, 41595, 271.24
2026/08/20 17:31:17.613, 1, 98, 41595, 271.47
2026/08/20 17:31:19.614, 1, 100, 41595, 280.20
2026/08/20 17:31:21.614, 1, 100, 41595, 277.53
2026/08/20 17:31:23.615, 1, 92, 41595, 272.99
2026/08/20 17:31:25.615, 1, 99, 41595, 270.98
2026/08/20 17:31:27.616, 1, 100, 41595, 277.95
2026/08/20 17:31:29.616, 1, 99, 41595, 280.36
2026/08/20 17:31:31.617, 1, 99, 41595, 271.64
2026/08/20 17:31:33.617, 1, 99, 41595, 279.40
2026/08/20 17:31:35.617, 1, 99, 41595, 212.21
2026/08/20 17:31:37.618, 1, 100, 41595, 279.50
2026/08/20 17:31:39.618, 1, 100, 41595, 276.22
2026/08/20 17:31:41.619, 1, 99, 41595, 271.11
2026/08/20 17:31:43.619, 1, 100, 41595, 278.84
2026/08/20 17:31:45.620, 1, 99, 41595, 275.80
2026/08/20 17:31:47.620, 1, 97, 41595, 271.17
2026/08/20 17:31:49.621, 1, 99, 41595, 270.25
2026/08/20 17:31:51.621, 1, 100, 41595, 279.20
2026/08/20 17:31:53.621, 1, 94, 41595, 277.88
2026/08/20 17:31:55.622, 1, 99, 41595, 269.37
2026/08/20 17:31:57.622, 1, 99, 41595, 268.78
2026/08/20 17:31:59.623, 1, 100, 41595, 278.10
2026/08/20 17:32:01.623, 1, 100, 41595, 278.48
2026/08/20 17:32:03.624, 1, 95, 41595, 272.57
2026/08/20 17:32:05.624, 1, 99, 41595, 174.28
2026/08/20 17:32:07.625, 1, 100, 41595, 280.92
2026/08/20 17:32:09.625, 1, 100, 41595, 279.98
2026/08/20 17:32:11.625, 1, 90, 41595, 275.38
2026/08/20 17:32:13.626, 1, 98, 41595, 269.82
2026/08/20 17:32:15.627, 1, 100, 41595, 280.67
2026/08/20 17:32:17.627, 1, 100, 41595, 278.10
2026/08/20 17:32:19.628, 1, 89, 41595, 274.37
2026/08/20 17:32:21.628, 1, 98, 41595, 269.27
2026/08/20 17:32:23.628, 1, 98, 41595, 279.27
2026/08/20 17:32:25.629, 1, 100, 41595, 279.40
2026/08/20 17:32:27.629, 1, 89, 41595, 274.56
2026/08/20 17:32:29.630, 1, 99, 41595, 269.41
2026/08/20 17:32:31.630, 1, 99, 41595, 276.28
2026/08/20 17:32:33.631, 1, 100, 41595, 279.33
2026/08/20 17:32:35.631, 1, 100, 41595, 151.88
2026/08/20 17:32:37.631, 1, 92, 41595, 278.72
2026/08/20 17:32:39.632, 1, 99, 41595, 268.12
2026/08/20 17:32:41.632, 1, 99, 41595, 270.88
2026/08/20 17:32:43.633, 1, 100, 41595, 277.31
2026/08/20 17:32:45.633, 1, 92, 41595, 277.05
2026/08/20 17:32:47.634, 1, 99, 41595, 268.20
2026/08/20 17:32:49.634, 1, 99, 41595, 271.78
2026/08/20 17:32:51.635, 1, 100, 41595, 279.85
2026/08/20 17:32:53.635, 1, 91, 41595, 276.04
2026/08/20 17:32:55.635, 1, 99, 41595, 266.65
2026/08/20 17:32:57.636, 1, 99, 41595, 270.91
2026/08/20 17:32:59.636, 1, 100, 41595, 277.78
2026/08/20 17:33:01.637, 1, 95, 41595, 276.97
2026/08/20 17:33:03.637, 1, 99, 41595, 268.77
2026/08/20 17:33:05.638, 1, 76, 41595, 129.71
2026/08/20 17:33:07.639, 1, 98, 41595, 270.28
2026/08/20 17:33:09.639, 1, 100, 41595, 279.34
2026/08/20 17:33:11.640, 1, 92, 41595, 278.12
2026/08/20 17:33:13.640, 1, 99, 41595, 270.80
2026/08/20 17:33:15.641, 1, 99, 41595, 277.26
2026/08/20 17:33:17.641, 1, 100, 41595, 278.53
2026/08/20 17:33:19.642, 1, 90, 41595, 274.65
2026/08/20 17:33:21.642, 1, 98, 41595, 271.88
2026/08/20 17:33:23.643, 1, 100, 41595, 280.22
2026/08/20 17:33:25.643, 1, 100, 41595, 280.21
2026/08/20 17:33:27.644, 1, 89, 41595, 275.96
2026/08/20 17:33:29.644, 1, 99, 41595, 272.38
2026/08/20 17:33:31.645, 1, 100, 41595, 280.42
2026/08/20 17:33:33.645, 1, 100, 41595, 278.44
2026/08/20 17:33:35.646, 1, 0, 41595, 163.65
2026/08/20 17:33:37.646, 1, 88, 41595, 274.35
2026/08/20 17:33:39.646, 1, 99, 41595, 272.12
2026/08/20 17:33:41.647, 1, 100, 41595, 280.28
2026/08/20 17:33:43.647, 1, 100, 41595, 279.43
2026/08/20 17:33:45.648, 1, 88, 41595, 275.46
2026/08/20 17:33:47.648, 1, 99, 41595, 269.28
2026/08/20 17:33:49.649, 1, 100, 41595, 280.78
2026/08/20 17:33:51.649, 1, 100, 41595, 279.09
2026/08/20 17:33:53.650, 1, 88, 41595, 275.35
2026/08/20 17:33:55.650, 1, 99, 41595, 270.70
2026/08/20 17:33:57.651, 1, 100, 41595, 280.82
2026/08/20 17:33:59.651, 1, 100, 41595, 278.85
2026/08/20 17:34:01.652, 1, 92, 41595, 274.89
2026/08/20 17:34:03.652, 1, 99, 41595, 270.68
2026/08/20 17:34:05.653, 1, 0, 41595, 208.60
2026/08/20 17:34:07.653, 1, 99, 41595, 271.33
2026/08/20 17:34:09.654, 1, 100, 41595, 279.10
2026/08/20 17:34:11.654, 1, 99, 41595, 278.81
2026/08/20 17:34:13.654, 1, 97, 41595, 270.54
2026/08/20 17:34:15.655, 1, 99, 41595, 271.45
2026/08/20 17:34:17.655, 1, 100, 41595, 280.97
2026/08/20 17:34:19.656, 1, 90, 41595, 275.46
2026/08/20 17:34:21.656, 1, 99, 41595, 268.29
2026/08/20 17:34:23.657, 1, 99, 41595, 279.99
2026/08/20 17:34:25.658, 1, 100, 41595, 278.34
2026/08/20 17:34:27.658, 1, 88, 41595, 275.74
2026/08/20 17:34:29.658, 1, 99, 41595, 269.11
2026/08/20 17:34:31.659, 1, 99, 41595, 277.53
2026/08/20 17:34:33.659, 1, 100, 41595, 276.36
2026/08/20 17:34:35.660, 1, 0, 41595, 226.89
2026/08/20 17:34:37.660, 1, 100, 41595, 273.15
2026/08/20 17:34:39.661, 1, 99, 41595, 270.17
2026/08/20 17:34:41.661, 1, 100, 41595, 280.08
2026/08/20 17:34:43.661, 1, 100, 41595, 278.01
2026/08/20 17:34:45.662, 1, 91, 41595, 275.01
2026/08/20 17:34:47.663, 1, 98, 41595, 271.95
2026/08/20 17:34:49.663, 1, 100, 41595, 280.23
2026/08/20 17:34:51.664, 1, 100, 41595, 277.56
2026/08/20 17:34:53.664, 1, 99, 41595, 270.55
2026/08/20 17:34:55.665, 1, 99, 41595, 269.26
2026/08/20 17:34:57.665, 1, 100, 41595, 280.10
2026/08/20 17:34:59.665, 1, 94, 41595, 279.26
2026/08/20 17:35:01.666, 1, 99, 41595, 267.69
2026/08/20 17:35:03.666, 1, 99, 41595, 273.29
2026/08/20 17:35:05.667, 1, 0, 41595, 268.76
2026/08/20 17:35:07.668, 1, 100, 41595, 280.62
2026/08/20 17:35:09.668, 1, 100, 41595, 280.71
2026/08/20 17:35:11.669, 1, 93, 41595, 276.66
2026/08/20 17:35:13.669, 1, 98, 41595, 272.31
2026/08/20 17:35:15.670, 1, 100, 41595, 279.08
2026/08/20 17:35:17.670, 1, 98, 41595, 276.69
2026/08/20 17:35:19.670, 1, 96, 41595, 271.23
2026/08/20 17:35:21.671, 1, 99, 41595, 282.31
2026/08/20 17:35:23.671, 1, 100, 41595, 279.88
2026/08/20 17:35:25.672, 1, 97, 41595, 275.88
2026/08/20 17:35:27.672, 1, 96, 41595, 270.32
2026/08/20 17:35:29.673, 1, 99, 41595, 270.09
2026/08/20 17:35:31.673, 1, 100, 41595, 274.82
2026/08/20 17:35:33.673, 1, 99, 41595, 278.89
2026/08/20 17:35:35.674, 1, 98, 41595, 269.57
2026/08/20 17:35:37.674, 1, 56, 41595, 240.94
2026/08/20 17:35:39.675, 1, 99, 41595, 269.88
2026/08/20 17:35:41.675, 1, 100, 41595, 280.79
2026/08/20 17:35:43.676, 1, 100, 41595, 281.07
2026/08/20 17:35:45.677, 1, 92, 41595, 272.06
2026/08/20 17:35:47.677, 1, 98, 41595, 266.60
2026/08/20 17:35:49.678, 1, 100, 41595, 280.88
2026/08/20 17:35:51.678, 1, 100, 41595, 276.71
2026/08/20 17:35:53.679, 1, 89, 41595, 276.29
2026/08/20 17:35:55.679, 1, 98, 41595, 271.92
2026/08/20 17:35:57.680, 1, 100, 41595, 280.30
2026/08/20 17:35:59.680, 1, 100, 41595, 275.48
2026/08/20 17:36:01.681, 1, 90, 41595, 275.22
2026/08/20 17:36:03.681, 1, 99, 41595, 270.76
2026/08/20 17:36:05.681, 1, 100, 41595, 283.71
2026/08/20 17:36:07.682, 1, 99, 41595, 206.11
2026/08/20 17:36:09.682, 1, 100, 41595, 280.70
2026/08/20 17:36:11.683, 1, 88, 41595, 275.18
2026/08/20 17:36:13.683, 1, 99, 41595, 269.91
2026/08/20 17:36:15.684, 1, 100, 41595, 282.74
2026/08/20 17:36:17.684, 1, 99, 41595, 278.82
2026/08/20 17:36:19.685, 1, 99, 41595, 270.47
2026/08/20 17:36:21.685, 1, 99, 41595, 271.66
2026/08/20 17:36:23.685, 1, 100, 41595, 278.99
2026/08/20 17:36:25.686, 1, 91, 41595, 278.14
2026/08/20 17:36:27.686, 1, 99, 41595, 269.69
2026/08/20 17:36:29.687, 1, 99, 41595, 280.08
2026/08/20 17:36:31.687, 1, 100, 41595, 280.91
2026/08/20 17:36:33.688, 1, 92, 41595, 273.86
2026/08/20 17:36:35.688, 1, 99, 41595, 268.91
2026/08/20 17:36:37.689, 1, 92, 41595, 165.20
2026/08/20 17:36:39.689, 1, 99, 41595, 271.91
2026/08/20 17:36:41.690, 1, 100, 41595, 277.38
2026/08/20 17:36:43.690, 1, 89, 41595, 276.42
2026/08/20 17:36:45.691, 1, 99, 41595, 265.53
2026/08/20 17:36:47.691, 1, 99, 41595, 273.29
2026/08/20 17:36:49.692, 1, 100, 41595, 279.45
2026/08/20 17:36:51.692, 1, 89, 41595, 276.61
2026/08/20 17:36:53.693, 1, 98, 41595, 267.74
2026/08/20 17:36:55.693, 1, 99, 41595, 275.32
2026/08/20 17:36:57.694, 1, 100, 41595, 278.02
2026/08/20 17:36:59.694, 1, 90, 41595, 275.75
2026/08/20 17:37:01.695, 1, 99, 41595, 267.28
2026/08/20 17:37:03.695, 1, 99, 41595, 276.23
2026/08/20 17:37:05.696, 1, 100, 41595, 280.60
2026/08/20 17:37:07.696, 1, 100, 41595, 151.63
2026/08/20 17:37:09.697, 1, 98, 41595, 277.62
2026/08/20 17:37:11.697, 1, 97, 41595, 269.54
2026/08/20 17:37:13.698, 1, 99, 41595, 270.53
2026/08/20 17:37:15.698, 1, 100, 41595, 278.09
2026/08/20 17:37:17.699, 1, 94, 41595, 277.48
2026/08/20 17:37:19.699, 1, 98, 41595, 269.35
2026/08/20 17:37:21.700, 1, 98, 41595, 269.90
2026/08/20 17:37:23.700, 1, 100, 41595, 278.76
2026/08/20 17:37:25.700, 1, 94, 41595, 277.29
2026/08/20 17:37:27.701, 1, 97, 41595, 268.70
2026/08/20 17:37:29.701, 1, 99, 41595, 270.16
2026/08/20 17:37:31.702, 1, 100, 41595, 278.00
2026/08/20 17:37:33.702, 1, 94, 41595, 272.71
2026/08/20 17:37:35.703, 1, 99, 41595, 271.99
2026/08/20 17:37:37.703, 1, 98, 41595, 132.24
2026/08/20 17:37:39.704, 1, 98, 41595, 273.14
2026/08/20 17:37:41.704, 1, 100, 41595, 278.80
2026/08/20 17:37:43.705, 1, 91, 41595, 274.78
2026/08/20 17:37:45.705, 1, 99, 41595, 266.04
2026/08/20 17:37:47.706, 1, 99, 41595, 273.93
2026/08/20 17:37:49.706, 1, 100, 41595, 280.17
2026/08/20 17:37:51.706, 1, 91, 41595, 276.34
2026/08/20 17:37:53.707, 1, 99, 41595, 266.84
2026/08/20 17:37:55.707, 1, 99, 41595, 273.74
2026/08/20 17:37:57.708, 1, 100, 41595, 278.15
2026/08/20 17:37:59.708, 1, 91, 41595, 276.01
2026/08/20 17:38:01.709, 1, 99, 41595, 268.26
2026/08/20 17:38:03.709, 1, 99, 41595, 273.79
2026/08/20 17:38:05.709, 1, 100, 41595, 279.46
2026/08/20 17:38:07.710, 1, 0, 41595, 168.48
2026/08/20 17:38:09.710, 1, 100, 41595, 277.00
2026/08/20 17:38:11.711, 1, 93, 41595, 272.73
2026/08/20 17:38:13.711, 1, 98, 41595, 271.40
2026/08/20 17:38:15.712, 1, 100, 41595, 279.14
2026/08/20 17:38:17.712, 1, 97, 41595, 275.55
2026/08/20 17:38:19.713, 1, 97, 41595, 270.74
2026/08/20 17:38:21.713, 1, 99, 41595, 269.92
2026/08/20 17:38:23.714, 1, 100, 41595, 278.88
2026/08/20 17:38:25.714, 1, 94, 41595, 278.05
2026/08/20 17:38:27.715, 1, 95, 41595, 268.68
2026/08/20 17:38:29.715, 1, 99, 41595, 271.44
2026/08/20 17:38:31.716, 1, 100, 41595, 278.87
2026/08/20 17:38:33.717, 1, 99, 41595, 276.22
2026/08/20 17:38:35.717, 1, 98, 41595, 270.64
2026/08/20 17:38:37.717, 1, 0, 41595, 215.75
2026/08/20 17:38:39.719, 1, 99, 41595, 273.47
2026/08/20 17:38:41.719, 1, 100, 41595, 281.86
2026/08/20 17:38:43.720, 1, 100, 41595, 278.86
2026/08/20 17:38:45.721, 1, 91, 41595, 275.58
2026/08/20 17:38:47.721, 1, 98, 41595, 268.34
2026/08/20 17:38:49.721, 1, 100, 41595, 279.55
2026/08/20 17:38:51.722, 1, 100, 41595, 278.52
2026/08/20 17:38:53.722, 1, 89, 41595, 276.24
2026/08/20 17:38:55.723, 1, 99, 41595, 269.90
2026/08/20 17:38:57.723, 1, 100, 41595, 281.28
2026/08/20 17:38:59.724, 1, 100, 41595, 281.86
2026/08/20 17:39:01.724, 1, 90, 41595, 275.67
2026/08/20 17:39:03.725, 1, 98, 41595, 270.17
2026/08/20 17:39:05.725, 1, 100, 41595, 280.67
2026/08/20 17:39:07.725, 1, 0, 41595, 252.17
2026/08/20 17:39:09.726, 1, 100, 41595, 276.75
2026/08/20 17:39:11.727, 1, 92, 41595, 278.87
2026/08/20 17:39:13.727, 1, 99, 41595, 268.68
2026/08/20 17:39:15.728, 1, 99, 41595, 275.32
2026/08/20 17:39:17.728, 1, 100, 41595, 281.71
2026/08/20 17:39:19.728, 1, 91, 41595, 273.45
2026/08/20 17:39:21.729, 1, 99, 41595, 269.90
2026/08/20 17:39:23.729, 1, 100, 41595, 283.03
2026/08/20 17:39:25.730, 1, 99, 41595, 281.50
2026/08/20 17:39:27.730, 1, 95, 41595, 271.10
2026/08/20 17:39:29.731, 1, 99, 41595, 271.89
2026/08/20 17:39:31.731, 1, 100, 41595, 277.40
2026/08/20 17:39:33.732, 1, 90, 41595, 275.86
2026/08/20 17:39:35.732, 1, 99, 41595, 268.09
2026/08/20 17:39:37.733, 1, 58, 41595, 277.21
2026/08/20 17:39:39.733, 1, 99, 41595, 263.77
2026/08/20 17:39:41.734, 1, 100, 41595, 284.80
2026/08/20 17:39:43.734, 1, 100, 41595, 278.25
2026/08/20 17:39:45.735, 1, 99, 41595, 271.63
2026/08/20 17:39:47.735, 1, 99, 41595, 270.20
2026/08/20 17:39:49.735, 1, 100, 41595, 278.40
2026/08/20 17:39:51.736, 1, 98, 41595, 276.52
2026/08/20 17:39:53.736, 1, 99, 41595, 268.50
2026/08/20 17:39:55.737, 1, 99, 41595, 273.59
2026/08/20 17:39:57.737, 1, 100, 41595, 278.84
2026/08/20 17:39:59.738, 1, 93, 41595, 275.96
2026/08/20 17:40:01.738, 1, 99, 41595, 266.66
2026/08/20 17:40:03.739, 1, 99, 41595, 275.38
2026/08/20 17:40:05.739, 1, 100, 41595, 280.66
2026/08/20 17:40:07.740, 1, 95, 41595, 272.77
2026/08/20 17:40:09.740, 1, 100, 41595, 227.12
2026/08/20 17:40:11.740, 1, 91, 41595, 274.15
2026/08/20 17:40:13.741, 1, 98, 41595, 270.61
2026/08/20 17:40:15.742, 1, 100, 41595, 280.46
2026/08/20 17:40:17.742, 1, 98, 41595, 276.03
2026/08/20 17:40:19.743, 1, 95, 41595, 271.17
2026/08/20 17:40:21.743, 1, 99, 41595, 270.64
2026/08/20 17:40:23.744, 1, 100, 41595, 278.74
2026/08/20 17:40:25.744, 1, 89, 41595, 275.12
2026/08/20 17:40:27.745, 1, 99, 41595, 273.52
2026/08/20 17:40:29.746, 1, 99, 41595, 279.69
2026/08/20 17:40:31.747, 1, 100, 41595, 274.43
2026/08/20 17:40:33.747, 1, 91, 41595, 268.97
2026/08/20 17:40:35.748, 1, 99, 41595, 280.93
2026/08/20 17:40:37.748, 1, 100, 41595, 280.83
2026/08/20 17:40:39.749, 1, 100, 41595, 222.25
2026/08/20 17:40:41.749, 1, 92, 41595, 278.77
2026/08/20 17:40:43.750, 1, 99, 41595, 267.43
2026/08/20 17:40:45.750, 1, 99, 41595, 273.24
2026/08/20 17:40:47.751, 1, 100, 41595, 279.85
2026/08/20 17:40:49.751, 1, 90, 41595, 274.31
2026/08/20 17:40:51.752, 1, 99, 41595, 266.86
2026/08/20 17:40:53.752, 1, 99, 41595, 275.27
2026/08/20 17:40:55.753, 1, 100, 41595, 279.38
2026/08/20 17:40:57.753, 1, 87, 41595, 276.32
2026/08/20 17:40:59.753, 1, 99, 41595, 268.00
2026/08/20 17:41:01.754, 1, 98, 41595, 273.64
2026/08/20 17:41:03.754, 1, 100, 41595, 278.51
2026/08/20 17:41:05.755, 1, 93, 41595, 278.05
2026/08/20 17:41:07.755, 1, 99, 41595, 267.91
2026/08/20 17:41:09.756, 1, 87, 41595, 181.26
2026/08/20 17:41:11.756, 1, 99, 41595, 270.07
2026/08/20 17:41:13.756, 1, 100, 41595, 281.07
2026/08/20 17:41:15.757, 1, 100, 41595, 279.36
2026/08/20 17:41:17.758, 1, 89, 41595, 275.60
2026/08/20 17:41:19.758, 1, 98, 41595, 272.03
2026/08/20 17:41:21.759, 1, 100, 41595, 278.64
2026/08/20 17:41:23.759, 1, 100, 41595, 278.66
2026/08/20 17:41:25.760, 1, 89, 41595, 275.68
2026/08/20 17:41:27.760, 1, 98, 41595, 271.97
2026/08/20 17:41:29.761, 1, 100, 41595, 280.38
2026/08/20 17:41:31.762, 1, 100, 41595, 279.96
2026/08/20 17:41:33.762, 1, 89, 41595, 276.37
2026/08/20 17:41:35.763, 1, 99, 41595, 272.33
2026/08/20 17:41:37.763, 1, 100, 41595, 281.40
2026/08/20 17:41:39.763, 1, 99, 41595, 137.21
2026/08/20 17:41:41.764, 1, 100, 41595, 277.78
2026/08/20 17:41:43.764, 1, 89, 41595, 276.85
2026/08/20 17:41:45.765, 1, 99, 41595, 267.51
2026/08/20 17:41:47.765, 1, 99, 41595, 273.84
2026/08/20 17:41:49.766, 1, 100, 41595, 278.87
2026/08/20 17:41:51.767, 1, 90, 41595, 277.36
2026/08/20 17:41:53.767, 1, 99, 41595, 270.83
2026/08/20 17:41:55.768, 1, 99, 41595, 280.03
2026/08/20 17:41:57.768, 1, 100, 41595, 278.49
2026/08/20 17:41:59.769, 1, 90, 41595, 276.11
2026/08/20 17:42:01.769, 1, 98, 41595, 268.88
2026/08/20 17:42:03.769, 1, 99, 41595, 277.82
2026/08/20 17:42:05.770, 1, 100, 41595, 279.48
2026/08/20 17:42:07.770, 1, 89, 41595, 275.58
2026/08/20 17:42:09.771, 1, 8, 41595, 138.66
2026/08/20 17:42:11.771, 1, 91, 41595, 272.85
2026/08/20 17:42:13.772, 1, 99, 41595, 270.25
2026/08/20 17:42:15.773, 1, 100, 41595, 279.48
2026/08/20 17:42:17.773, 1, 100, 41595, 278.30
2026/08/20 17:42:19.774, 1, 95, 41595, 272.67
2026/08/20 17:42:21.774, 1, 99, 41595, 272.53
2026/08/20 17:42:23.775, 1, 100, 41595, 280.19
2026/08/20 17:42:25.775, 1, 99, 41595, 277.57
2026/08/20 17:42:27.776, 1, 96, 41595, 271.48
2026/08/20 17:42:29.776, 1, 98, 41595, 271.18
2026/08/20 17:42:31.776, 1, 100, 41595, 276.23
2026/08/20 17:42:33.777, 1, 100, 41595, 279.79
2026/08/20 17:42:35.777, 1, 92, 41595, 274.88
2026/08/20 17:42:37.778, 1, 99, 41595, 271.83
2026/08/20 17:42:39.778, 1, 0, 41595, 207.56
2026/08/20 17:42:41.779, 1, 99, 41595, 279.74
2026/08/20 17:42:43.779, 1, 100, 41595, 280.00
2026/08/20 17:42:45.779, 1, 89, 41595, 275.16
2026/08/20 17:42:47.780, 1, 98, 41595, 268.01
2026/08/20 17:42:49.780, 1, 99, 41595, 280.10
2026/08/20 17:42:51.781, 1, 100, 41595, 280.06
2026/08/20 17:42:53.781, 1, 90, 41595, 274.90
2026/08/20 17:42:55.782, 1, 99, 41595, 272.67
2026/08/20 17:42:57.782, 1, 100, 41595, 281.89
2026/08/20 17:42:59.783, 1, 100, 41595, 279.78
2026/08/20 17:43:01.783, 1, 89, 41595, 274.66
2026/08/20 17:43:03.784, 1, 98, 41595, 270.89
2026/08/20 17:43:05.784, 1, 100, 41595, 280.30
2026/08/20 17:43:07.785, 1, 100, 41595, 280.52
2026/08/20 17:43:09.785, 1, 0, 41595, 240.17
2026/08/20 17:43:11.786, 1, 93, 41595, 274.31
2026/08/20 17:43:13.786, 1, 99, 41595, 267.97
2026/08/20 17:43:15.786, 1, 99, 41595, 270.83
2026/08/20 17:43:17.787, 1, 100, 41595, 278.42
2026/08/20 17:43:19.787, 1, 92, 41595, 275.99
2026/08/20 17:43:21.788, 1, 99, 41595, 266.19
2026/08/20 17:43:23.788, 1, 99, 41595, 271.68
2026/08/20 17:43:25.789, 1, 100, 41595, 277.15
2026/08/20 17:43:27.789, 1, 85, 41595, 268.57
2026/08/20 17:43:29.790, 1, 99, 41595, 268.87
2026/08/20 17:43:31.791, 1, 99, 41595, 278.88
2026/08/20 17:43:33.791, 1, 94, 41595, 278.14
2026/08/20 17:43:35.792, 1, 99, 41595, 268.67
2026/08/20 17:43:37.792, 1, 99, 41595, 270.91
2026/08/20 17:43:39.793, 1, 0, 41595, 270.22
2026/08/20 17:43:41.793, 1, 100, 41595, 280.51
2026/08/20 17:43:43.794, 1, 100, 41595, 280.41
2026/08/20 17:43:45.794, 1, 91, 41595, 275.79
2026/08/20 17:43:47.795, 1, 98, 41595, 269.79
2026/08/20 17:43:49.795, 1, 100, 41595, 281.06
2026/08/20 17:43:51.795, 1, 100, 41595, 275.48
2026/08/20 17:43:53.796, 1, 90, 41595, 275.51
2026/08/20 17:43:55.796, 1, 98, 41595, 270.81
2026/08/20 17:43:57.797, 1, 100, 41595, 280.06
2026/08/20 17:43:59.797, 1, 100, 41595, 277.33
2026/08/20 17:44:01.798, 1, 90, 41595, 274.46
2026/08/20 17:44:03.798, 1, 99, 41595, 267.38
2026/08/20 17:44:05.799, 1, 100, 41595, 281.85
2026/08/20 17:44:07.799, 1, 100, 41595, 280.05
2026/08/20 17:44:09.799, 1, 95, 41595, 276.34
2026/08/20 17:44:11.800, 1, 91, 41595, 243.33
2026/08/20 17:44:13.800, 1, 99, 41595, 266.65
2026/08/20 17:44:15.801, 1, 99, 41595, 274.85
2026/08/20 17:44:17.801, 1, 100, 41595, 279.93
2026/08/20 17:44:19.802, 1, 90, 41595, 275.72
2026/08/20 17:44:21.802, 1, 99, 41595, 272.33
2026/08/20 17:44:23.802, 1, 100, 41595, 280.28
2026/08/20 17:44:25.803, 1, 100, 41595, 280.12
2026/08/20 17:44:27.803, 1, 84, 41595, 276.19
2026/08/20 17:44:29.804, 1, 99, 41595, 270.50
2026/08/20 17:44:31.804, 1, 100, 41595, 282.21
2026/08/20 17:44:33.805, 1, 100, 41595, 279.63
2026/08/20 17:44:35.805, 1, 88, 41595, 275.02
2026/08/20 17:44:37.806, 1, 99, 41595, 268.56
2026/08/20 17:44:39.806, 1, 99, 41595, 280.80
2026/08/20 17:44:41.807, 1, 98, 41595, 186.10
2026/08/20 17:44:43.807, 1, 100, 41595, 277.14
2026/08/20 17:44:45.807, 1, 92, 41595, 277.28
2026/08/20 17:44:47.808, 1, 99, 41595, 267.48
2026/08/20 17:44:49.808, 1, 99, 41595, 269.93
2026/08/20 17:44:51.809, 1, 100, 41595, 277.53
2026/08/20 17:44:53.809, 1, 92, 41595, 276.57
2026/08/20 17:44:55.810, 1, 99, 41595, 267.22
2026/08/20 17:44:57.810, 1, 99, 41595, 271.78
2026/08/20 17:44:59.810, 1, 100, 41595, 280.24
2026/08/20 17:45:01.811, 1, 91, 41595, 275.29
2026/08/20 17:45:03.811, 1, 99, 41595, 268.73
2026/08/20 17:45:05.812, 1, 99, 41595, 271.16
2026/08/20 17:45:07.813, 1, 100, 41595, 278.47
2026/08/20 17:45:09.813, 1, 93, 41595, 277.17
2026/08/20 17:45:11.814, 1, 100, 41595, 157.17
2026/08/20 17:45:13.814, 1, 89, 41595, 276.65
2026/08/20 17:45:15.815, 1, 99, 41595, 271.50
2026/08/20 17:45:17.816, 1, 99, 41595, 277.75
2026/08/20 17:45:19.816, 1, 100, 41595, 282.17
2026/08/20 17:45:21.817, 1, 87, 41595, 275.06
2026/08/20 17:45:23.817, 1, 99, 41595, 268.72
2026/08/20 17:45:25.818, 1, 100, 41595, 280.63
2026/08/20 17:45:27.818, 1, 100, 41595, 279.15
2026/08/20 17:45:29.818, 1, 89, 41595, 274.77
2026/08/20 17:45:31.819, 1, 99, 41595, 269.46
2026/08/20 17:45:33.819, 1, 100, 41595, 281.83
2026/08/20 17:45:35.820, 1, 97, 41595, 280.77
2026/08/20 17:45:37.820, 1, 97, 41595, 269.98
2026/08/20 17:45:39.821, 1, 99, 41595, 270.09
2026/08/20 17:45:41.821, 1, 97, 41595, 136.28
2026/08/20 17:45:43.822, 1, 99, 41595, 278.48
2026/08/20 17:45:45.822, 1, 100, 41595, 281.37
2026/08/20 17:45:47.822, 1, 87, 41595, 276.14
2026/08/20 17:45:49.823, 1, 98, 41595, 271.69
2026/08/20 17:45:51.823, 1, 100, 41595, 281.46
2026/08/20 17:45:53.824, 1, 98, 41595, 276.80
2026/08/20 17:45:55.824, 1, 99, 41595, 270.14
2026/08/20 17:45:57.825, 1, 99, 41595, 269.08
2026/08/20 17:45:59.825, 1, 100, 41595, 280.72
2026/08/20 17:46:01.826, 1, 91, 41595, 277.79
2026/08/20 17:46:03.826, 1, 99, 41595, 269.57
2026/08/20 17:46:05.827, 1, 100, 41595, 281.29
2026/08/20 17:46:07.827, 1, 100, 41595, 280.41
2026/08/20 17:46:09.827, 1, 90, 41595, 276.04
2026/08/20 17:46:11.828, 1, 19, 41595, 150.72
2026/08/20 17:46:13.828, 1, 99, 41595, 266.22
2026/08/20 17:46:15.829, 1, 99, 41595, 275.30
2026/08/20 17:46:17.829, 1, 100, 41595, 279.93
2026/08/20 17:46:19.830, 1, 88, 41595, 276.10
2026/08/20 17:46:21.830, 1, 99, 41595, 279.13
2026/08/20 17:46:23.830, 1, 100, 41595, 279.47
2026/08/20 17:46:25.831, 1, 100, 41595, 275.17
2026/08/20 17:46:27.831, 1, 90, 41595, 268.66
2026/08/20 17:46:29.832, 1, 99, 41595, 279.62
2026/08/20 17:46:31.832, 1, 100, 41595, 280.91
2026/08/20 17:46:33.833, 1, 87, 41595, 275.43
2026/08/20 17:46:35.833, 1, 99, 41595, 272.06
2026/08/20 17:46:37.834, 1, 100, 41595, 280.47
2026/08/20 17:46:39.834, 1, 100, 41595, 279.43
2026/08/20 17:46:41.835, 1, 0, 41595, 170.91
2026/08/20 17:46:43.835, 1, 98, 41595, 275.16
2026/08/20 17:46:45.835, 1, 98, 41595, 270.20
2026/08/20 17:46:47.836, 1, 99, 41595, 269.78
2026/08/20 17:46:49.836, 1, 100, 41595, 278.54
2026/08/20 17:46:51.837, 1, 92, 41595, 277.64
2026/08/20 17:46:53.837, 1, 99, 41595, 268.90
2026/08/20 17:46:55.838, 1, 99, 41595, 272.28
2026/08/20 17:46:57.838, 1, 100, 41595, 279.27
2026/08/20 17:46:59.838, 1, 89, 41595, 276.65
2026/08/20 17:47:01.839, 1, 99, 41595, 267.49
2026/08/20 17:47:03.839, 1, 99, 41595, 271.52
2026/08/20 17:47:05.840, 1, 100, 41595, 278.11
2026/08/20 17:47:07.840, 1, 93, 41595, 275.38
2026/08/20 17:47:09.841, 1, 99, 41595, 268.78
2026/08/20 17:47:11.841, 1, 0, 41595, 206.89
2026/08/20 17:47:13.841, 1, 99, 41595, 268.36
2026/08/20 17:47:15.842, 1, 100, 41595, 280.09
2026/08/20 17:47:17.842, 1, 100, 41595, 278.71
2026/08/20 17:47:19.843, 1, 91, 41595, 274.66
2026/08/20 17:47:21.843, 1, 99, 41595, 271.00
2026/08/20 17:47:23.844, 1, 100, 41595, 280.31
2026/08/20 17:47:25.844, 1, 100, 41595, 277.63
2026/08/20 17:47:27.845, 1, 93, 41595, 271.40
2026/08/20 17:47:29.845, 1, 99, 41595, 270.40
2026/08/20 17:47:31.845, 1, 100, 41595, 280.26
2026/08/20 17:47:33.846, 1, 100, 41595, 277.69
2026/08/20 17:47:35.846, 1, 92, 41595, 272.80
2026/08/20 17:47:37.847, 1, 99, 41595, 270.84
2026/08/20 17:47:39.847, 1, 100, 41595, 279.50
2026/08/20 17:47:41.848, 1, 0, 41595, 255.15
2026/08/20 17:47:43.848, 1, 100, 41595, 278.21
2026/08/20 17:47:45.848, 1, 91, 41595, 276.37
2026/08/20 17:47:47.849, 1, 99, 41595, 271.62
2026/08/20 17:47:49.849, 1, 100, 41595, 281.29
2026/08/20 17:47:51.850, 1, 100, 41595, 281.87
2026/08/20 17:47:53.850, 1, 99, 41595, 270.68
2026/08/20 17:47:55.851, 1, 99, 41595, 269.22
2026/08/20 17:47:57.851, 1, 100, 41595, 278.58
2026/08/20 17:47:59.851, 1, 93, 41595, 278.05
2026/08/20 17:48:01.852, 1, 97, 41595, 268.40
2026/08/20 17:48:03.852, 1, 98, 41595, 270.79
2026/08/20 17:48:05.853, 1, 100, 41595, 278.71
2026/08/20 17:48:07.853, 1, 92, 41595, 277.64
2026/08/20 17:48:09.854, 1, 99, 41595, 268.45
2026/08/20 17:48:11.854, 1, 65, 41595, 275.79
2026/08/20 17:48:13.855, 1, 99, 41595, 259.90
2026/08/20 17:48:15.855, 1, 100, 41595, 280.21
2026/08/20 17:48:17.855, 1, 100, 41595, 280.25
2026/08/20 17:48:19.856, 1, 89, 41595, 275.00
2026/08/20 17:48:21.856, 1, 99, 41595, 270.43
2026/08/20 17:48:23.857, 1, 100, 41595, 279.29
2026/08/20 17:48:25.857, 1, 100, 41595, 281.31
2026/08/20 17:48:27.858, 1, 99, 41595, 270.54
2026/08/20 17:48:29.858, 1, 99, 41595, 271.67
2026/08/20 17:48:31.859, 1, 100, 41595, 279.96
2026/08/20 17:48:33.859, 1, 90, 41595, 274.17
2026/08/20 17:48:35.860, 1, 99, 41595, 269.93
2026/08/20 17:48:37.860, 1, 99, 41595, 278.41
2026/08/20 17:48:39.861, 1, 100, 41595, 279.81
2026/08/20 17:48:41.861, 1, 95, 41595, 275.32
2026/08/20 17:48:43.862, 1, 91, 41595, 242.48
2026/08/20 17:48:45.862, 1, 99, 41595, 267.61
2026/08/20 17:48:47.863, 1, 99, 41595, 273.44
2026/08/20 17:48:49.863, 1, 100, 41595, 279.36
2026/08/20 17:48:51.864, 1, 90, 41595, 276.67
2026/08/20 17:48:53.864, 1, 99, 41595, 270.70
2026/08/20 17:48:55.864, 1, 100, 41595, 277.66
2026/08/20 17:48:57.865, 1, 100, 41595, 277.62
2026/08/20 17:48:59.866, 1, 91, 41595, 275.80
2026/08/20 17:49:01.866, 1, 99, 41595, 267.12
2026/08/20 17:49:03.867, 1, 99, 41595, 279.75
2026/08/20 17:49:05.867, 1, 100, 41595, 282.46
2026/08/20 17:49:07.868, 1, 91, 41595, 273.27
2026/08/20 17:49:09.868, 1, 99, 41595, 268.06
2026/08/20 17:49:11.869, 1, 99, 41595, 276.70
2026/08/20 17:49:13.869, 1, 98, 41595, 200.34
2026/08/20 17:49:15.870, 1, 100, 41595, 279.94
2026/08/20 17:49:17.870, 1, 89, 41595, 276.64
2026/08/20 17:49:19.871, 1, 99, 41595, 269.81
2026/08/20 17:49:21.871, 1, 99, 41595, 278.54
2026/08/20 17:49:23.871, 1, 100, 41595, 274.38
2026/08/20 17:49:25.872, 1, 89, 41595, 268.56
2026/08/20 17:49:27.872, 1, 99, 41595, 277.01
2026/08/20 17:49:29.873, 1, 100, 41595, 280.43
2026/08/20 17:49:31.873, 1, 91, 41595, 276.11
2026/08/20 17:49:33.874, 1, 98, 41595, 270.58
2026/08/20 17:49:35.874, 1, 100, 41595, 280.75
2026/08/20 17:49:37.875, 1, 100, 41595, 280.76
2026/08/20 17:49:39.875, 1, 92, 41595, 275.95
2026/08/20 17:49:41.876, 1, 98, 41595, 271.07
2026/08/20 17:49:43.876, 1, 99, 41595, 182.39
2026/08/20 17:49:45.877, 1, 99, 41595, 271.39
2026/08/20 17:49:47.877, 1, 100, 41595, 279.17
2026/08/20 17:49:49.877, 1, 90, 41595, 276.38
2026/08/20 17:49:51.878, 1, 99, 41595, 266.99
2026/08/20 17:49:53.878, 1, 99, 41595, 279.06
2026/08/20 17:49:55.879, 1, 100, 41595, 280.96
2026/08/20 17:49:57.879, 1, 90, 41595, 277.77
2026/08/20 17:49:59.880, 1, 99, 41595, 270.92
2026/08/20 17:50:01.880, 1, 100, 41595, 280.45
2026/08/20 17:50:03.881, 1, 100, 41595, 277.07
2026/08/20 17:50:05.881, 1, 97, 41595, 270.72
2026/08/20 17:50:07.882, 1, 98, 41595, 270.94
2026/08/20 17:50:09.882, 1, 100, 41595, 279.35
2026/08/20 17:50:11.882, 1, 90, 41595, 280.70
2026/08/20 17:50:13.883, 1, 100, 41595, 162.13
2026/08/20 17:50:15.883, 1, 91, 41595, 273.33
2026/08/20 17:50:17.884, 1, 99, 41595, 269.73
2026/08/20 17:50:19.884, 1, 100, 41595, 280.57
2026/08/20 17:50:21.885, 1, 100, 41595, 280.79
2026/08/20 17:50:23.885, 1, 89, 41595, 276.02
2026/08/20 17:50:25.885, 1, 98, 41595, 270.90
2026/08/20 17:50:27.886, 1, 100, 41595, 279.94
2026/08/20 17:50:29.886, 1, 100, 41595, 276.72
2026/08/20 17:50:31.887, 1, 92, 41595, 273.38
2026/08/20 17:50:33.887, 1, 99, 41595, 269.29
2026/08/20 17:50:35.888, 1, 100, 41595, 279.08
2026/08/20 17:50:37.889, 1, 100, 41595, 276.56
2026/08/20 17:50:39.889, 1, 92, 41595, 279.05
2026/08/20 17:50:41.889, 1, 99, 41595, 268.75
2026/08/20 17:50:43.890, 1, 97, 41595, 138.62
2026/08/20 17:50:45.891, 1, 99, 41595, 268.36
2026/08/20 17:50:47.891, 1, 100, 41595, 275.59
2026/08/20 17:50:49.892, 1, 92, 41595, 279.00
2026/08/20 17:50:51.892, 1, 99, 41595, 265.18
2026/08/20 17:50:53.892, 1, 99, 41595, 270.48
2026/08/20 17:50:55.893, 1, 100, 41595, 276.25
2026/08/20 17:50:57.894, 1, 92, 41595, 276.18
2026/08/20 17:50:59.894, 1, 99, 41595, 266.27
2026/08/20 17:51:01.895, 1, 99, 41595, 273.52
2026/08/20 17:51:03.895, 1, 100, 41595, 277.99
2026/08/20 17:51:05.895, 1, 90, 41595, 275.87
2026/08/20 17:51:07.896, 1, 98, 41595, 268.64
2026/08/20 17:51:09.896, 1, 99, 41595, 279.14
2026/08/20 17:51:11.897, 1, 100, 41595, 281.67
2026/08/20 17:51:13.897, 1, 0, 41595, 155.28
2026/08/20 17:51:15.898, 1, 89, 41595, 275.11
2026/08/20 17:51:17.898, 1, 99, 41595, 265.77
2026/08/20 17:51:19.899, 1, 99, 41595, 272.74
2026/08/20 17:51:21.899, 1, 100, 41595, 280.09
2026/08/20 17:51:23.900, 1, 90, 41595, 276.11
2026/08/20 17:51:25.900, 1, 99, 41595, 268.05
2026/08/20 17:51:27.901, 1, 99, 41595, 277.36
2026/08/20 17:51:29.901, 1, 100, 41595, 276.35
2026/08/20 17:51:31.902, 1, 92, 41595, 274.66
2026/08/20 17:51:33.902, 1, 99, 41595, 263.63
2026/08/20 17:51:35.903, 1, 99, 41595, 273.15
2026/08/20 17:51:37.903, 1, 100, 41595, 278.73
2026/08/20 17:51:39.904, 1, 91, 41595, 274.80
2026/08/20 17:51:41.904, 1, 99, 41595, 267.09
2026/08/20 17:51:43.905, 1, 0, 41595, 212.17
2026/08/20 17:51:45.905, 1, 98, 41595, 269.89
2026/08/20 17:51:47.906, 1, 100, 41595, 280.67
2026/08/20 17:51:49.906, 1, 99, 41595, 279.12
2026/08/20 17:51:51.906, 1, 99, 41595, 268.73
2026/08/20 17:51:53.907, 1, 99, 41595, 271.59
2026/08/20 17:51:55.908, 1, 100, 41595, 279.25
2026/08/20 17:51:57.908, 1, 88, 41595, 272.78
2026/08/20 17:51:59.909, 1, 99, 41595, 267.40
2026/08/20 17:52:01.909, 1, 99, 41595, 274.15
2026/08/20 17:52:03.909, 1, 100, 41595, 280.09
2026/08/20 17:52:05.910, 1, 99, 41595, 272.30
2026/08/20 17:52:07.910, 1, 100, 41595, 278.79
2026/08/20 17:52:09.911, 1, 98, 41595, 277.11
2026/08/20 17:52:11.911, 1, 98, 41595, 267.86
2026/08/20 17:52:13.912, 1, 67, 41595, 214.74
2026/08/20 17:52:15.912, 1, 99, 41595, 271.20
2026/08/20 17:52:17.912, 1, 99, 41595, 277.78
2026/08/20 17:52:19.913, 1, 100, 41595, 280.60
2026/08/20 17:52:21.914, 1, 92, 41595, 271.01
2026/08/20 17:52:23.914, 1, 99, 41595, 278.90
2026/08/20 17:52:25.914, 1, 100, 41595, 278.91
2026/08/20 17:52:27.915, 1, 99, 41595, 277.92
2026/08/20 17:52:29.915, 1, 95, 41595, 266.84
2026/08/20 17:52:31.916, 1, 99, 41595, 271.39
2026/08/20 17:52:33.916, 1, 100, 41595, 278.13
2026/08/20 17:52:35.917, 1, 100, 41595, 275.37
2026/08/20 17:52:37.917, 1, 91, 41595, 268.61
2026/08/20 17:52:39.917, 1, 99, 41595, 270.96
2026/08/20 17:52:41.918, 1, 100, 41595, 279.70
2026/08/20 17:52:43.918, 1, 98, 41595, 248.93
2026/08/20 17:52:45.919, 1, 100, 41595, 278.07
2026/08/20 17:52:47.919, 1, 89, 41595, 275.03
2026/08/20 17:52:49.920, 1, 99, 41595, 269.00
2026/08/20 17:52:51.920, 1, 99, 41595, 278.62
2026/08/20 17:52:53.920, 1, 100, 41595, 278.71
2026/08/20 17:52:55.921, 1, 92, 41595, 276.97
2026/08/20 17:52:57.922, 1, 99, 41595, 264.76
2026/08/20 17:52:59.922, 1, 98, 41595, 270.05
2026/08/20 17:53:01.923, 1, 100, 41595, 277.24
2026/08/20 17:53:03.923, 1, 100, 41595, 274.70
2026/08/20 17:53:05.923, 1, 90, 41595, 270.11
2026/08/20 17:53:07.924, 1, 99, 41595, 270.17
2026/08/20 17:53:09.924, 1, 100, 41595, 279.26
2026/08/20 17:53:11.925, 1, 100, 41595, 277.28
2026/08/20 17:53:13.925, 1, 92, 41595, 272.87
2026/08/20 17:53:15.926, 1, 99, 41595, 244.85
2026/08/20 17:53:17.926, 1, 94, 41595, 266.76
2026/08/20 17:53:19.927, 1, 99, 41595, 273.32
2026/08/20 17:53:21.927, 1, 100, 41595, 278.30
2026/08/20 17:53:23.928, 1, 94, 41595, 274.73
2026/08/20 17:53:25.928, 1, 99, 41595, 266.73
2026/08/20 17:53:27.928, 1, 99, 41595, 275.33
2026/08/20 17:53:29.929, 1, 100, 41595, 279.46
2026/08/20 17:53:31.929, 1, 92, 41595, 276.41
2026/08/20 17:53:33.930, 1, 99, 41595, 271.67
2026/08/20 17:53:35.930, 1, 99, 41595, 281.87
2026/08/20 17:53:37.931, 1, 100, 41595, 278.29
2026/08/20 17:53:39.931, 1, 89, 41595, 277.30
2026/08/20 17:53:41.932, 1, 99, 41595, 277.67
2026/08/20 17:53:43.932, 1, 99, 41595, 282.93
2026/08/20 17:53:45.932, 1, 98, 41595, 209.52
2026/08/20 17:53:47.933, 1, 100, 41595, 282.80
2026/08/20 17:53:49.933, 1, 89, 41595, 276.17
2026/08/20 17:53:51.934, 1, 98, 41595, 271.11
2026/08/20 17:53:53.934, 1, 99, 41595, 282.67
2026/08/20 17:53:55.935, 1, 100, 41595, 278.17
2026/08/20 17:53:57.935, 1, 89, 41595, 272.79
2026/08/20 17:53:59.936, 1, 99, 41595, 271.45
2026/08/20 17:54:01.936, 1, 100, 41595, 281.00
2026/08/20 17:54:03.937, 1, 100, 41595, 278.95
2026/08/20 17:54:05.937, 1, 91, 41595, 275.41
2026/08/20 17:54:07.938, 1, 99, 41595, 269.70
2026/08/20 17:54:09.938, 1, 99, 41595, 280.97
2026/08/20 17:54:11.938, 1, 100, 41595, 278.75
2026/08/20 17:54:13.939, 1, 92, 41595, 275.71
2026/08/20 17:54:15.939, 1, 0, 41595, 149.02
2026/08/20 17:54:17.940, 1, 91, 41595, 271.32
2026/08/20 17:54:19.940, 1, 98, 41595, 270.35
2026/08/20 17:54:21.941, 1, 100, 41595, 280.83
2026/08/20 17:54:23.942, 1, 94, 41595, 278.43
2026/08/20 17:54:25.942, 1, 99, 41595, 272.77
2026/08/20 17:54:27.942, 1, 99, 41595, 281.17
2026/08/20 17:54:29.943, 1, 100, 41595, 280.28
2026/08/20 17:54:31.943, 1, 89, 41595, 275.83
2026/08/20 17:54:33.944, 1, 99, 41595, 270.02
2026/08/20 17:54:35.944, 1, 99, 41595, 280.65
2026/08/20 17:54:37.945, 1, 100, 41595, 279.86
2026/08/20 17:54:39.945, 1, 90, 41595, 276.05
2026/08/20 17:54:41.945, 1, 99, 41595, 270.41
2026/08/20 17:54:43.946, 1, 99, 41595, 282.45
2026/08/20 17:54:45.946, 1, 0, 41595, 141.04
2026/08/20 17:54:47.947, 1, 0, 41591, 151.78
