2026/08/20 17:54:48.974, 1, 100, 15, 108.31
2026/08/20 17:54:50.977, 1, 0, 15, 98.92
2026/08/20 17:54:52.977, 1, 0, 15, 58.62
2026/08/20 17:54:54.978, 1, 0, 18, 50.10
2026/08/20 17:54:56.978, 1, 0, 18, 41.35
2026/08/20 17:54:58.979, 1, 0, 18, 38.04
2026/08/20 17:55:00.979, 1, 0, 457, 48.66
2026/08/20 17:55:02.979, 1, 58, 41485, 218.50
2026/08/20 17:55:04.980, 1, 100, 41487, 287.37
2026/08/20 17:55:06.980, 1, 100, 41487, 291.91
2026/08/20 17:55:08.981, 1, 99, 41487, 290.12
2026/08/20 17:55:10.981, 1, 98, 41487, 287.73
2026/08/20 17:55:12.982, 1, 99, 41487, 288.49
2026/08/20 17:55:14.982, 1, 100, 41487, 289.73
2026/08/20 17:55:16.982, 1, 100, 41487, 290.08
2026/08/20 17:55:18.983, 1, 99, 41487, 291.11
2026/08/20 17:55:20.983, 1, 99, 41487, 287.61
2026/08/20 17:55:22.984, 1, 100, 41487, 289.25
2026/08/20 17:55:24.985, 1, 100, 41487, 290.45
2026/08/20 17:55:26.985, 1, 99, 41487, 291.12
2026/08/20 17:55:28.985, 1, 0, 41487, 231.70
2026/08/20 17:55:30.986, 1, 100, 41487, 245.31
2026/08/20 17:55:32.986, 1, 100, 41487, 290.62
2026/08/20 17:55:34.987, 1, 99, 41487, 289.46
2026/08/20 17:55:36.987, 1, 100, 41487, 289.97
2026/08/20 17:55:38.988, 1, 100, 41487, 290.39
2026/08/20 17:55:40.988, 1, 99, 41487, 290.30
2026/08/20 17:55:42.989, 1, 100, 41487, 289.64
2026/08/20 17:55:44.989, 1, 100, 41487, 293.92
2026/08/20 17:55:46.990, 1, 99, 41487, 289.30
2026/08/20 17:55:48.990, 1, 100, 41487, 289.88
2026/08/20 17:55:50.991, 1, 99, 41487, 289.49
2026/08/20 17:55:52.991, 1, 99, 41487, 290.06
2026/08/20 17:55:54.991, 1, 100, 41487, 292.55
2026/08/20 17:55:56.992, 1, 99, 41487, 287.18
2026/08/20 17:55:58.992, 1, 100, 41487, 293.42
2026/08/20 17:56:00.993, 1, 99, 41487, 293.44
2026/08/20 17:56:02.993, 1, 99, 41487, 289.17
2026/08/20 17:56:04.994, 1, 100, 41487, 286.72
2026/08/20 17:56:06.994, 1, 99, 41487, 288.50
2026/08/20 17:56:08.995, 1, 100, 41487, 288.45
2026/08/20 17:56:10.995, 1, 99, 41487, 289.42
2026/08/20 17:56:12.995, 1, 100, 41487, 293.09
2026/08/20 17:56:14.996, 1, 99, 41487, 285.94
2026/08/20 17:56:16.996, 1, 99, 41487, 289.88
2026/08/20 17:56:18.997, 1, 100, 41487, 291.54
2026/08/20 17:56:20.997, 1, 99, 41487, 290.26
2026/08/20 17:56:22.998, 1, 100, 41487, 291.39
2026/08/20 17:56:24.998, 1, 100, 41487, 288.42
2026/08/20 17:56:26.998, 1, 100, 41487, 293.08
2026/08/20 17:56:28.999, 1, 100, 41487, 293.14
2026/08/20 17:56:30.999, 1, 99, 41487, 288.50
2026/08/20 17:56:33.000, 1, 100, 41487, 292.30
2026/08/20 17:56:35.000, 1, 99, 41487, 289.34
2026/08/20 17:56:37.001, 1, 100, 41487, 291.01
2026/08/20 17:56:39.001, 1, 100, 41487, 292.77
2026/08/20 17:56:41.001, 1, 99, 41487, 289.15
2026/08/20 17:56:43.002, 1, 100, 41487, 290.37
2026/08/20 17:56:45.002, 1, 99, 41487, 289.31
2026/08/20 17:56:47.003, 1, 99, 41487, 289.10
2026/08/20 17:56:49.003, 1, 100, 41487, 292.19
2026/08/20 17:56:51.004, 1, 99, 41487, 288.56
2026/08/20 17:56:53.004, 1, 99, 41487, 250.30
2026/08/20 17:56:55.004, 1, 100, 41487, 292.68
2026/08/20 17:56:57.005, 1, 99, 41487, 289.74
2026/08/20 17:56:59.005, 1, 100, 41487, 291.14
2026/08/20 17:57:01.006, 1, 100, 41487, 293.64
2026/08/20 17:57:03.006, 1, 99, 41487, 290.82
2026/08/20 17:57:05.007, 1, 100, 41487, 289.74
2026/08/20 17:57:07.007, 1, 100, 41487, 293.70
2026/08/20 17:57:09.007, 1, 99, 41487, 289.41
2026/08/20 17:57:11.008, 1, 100, 41487, 292.57
2026/08/20 17:57:13.008, 1, 100, 41487, 293.56
2026/08/20 17:57:15.009, 1, 99, 41487, 290.28
2026/08/20 17:57:17.009, 1, 100, 41487, 291.80
2026/08/20 17:57:19.009, 1, 100, 41487, 292.60
2026/08/20 17:57:21.010, 1, 99, 41487, 290.15
2026/08/20 17:57:23.010, 1, 99, 41487, 288.82
2026/08/20 17:57:25.011, 1, 100, 41487, 291.45
2026/08/20 17:57:27.011, 1, 100, 41487, 291.11
2026/08/20 17:57:29.012, 1, 99, 41487, 291.32
2026/08/20 17:57:31.012, 1, 100, 41487, 292.00
2026/08/20 17:57:33.013, 1, 100, 41487, 291.07
2026/08/20 17:57:35.013, 1, 99, 41487, 288.17
2026/08/20 17:57:37.013, 1, 99, 41487, 289.42
2026/08/20 17:57:39.014, 1, 100, 41487, 290.49
2026/08/20 17:57:41.015, 1, 100, 41487, 291.35
2026/08/20 17:57:43.015, 1, 99, 41487, 289.72
2026/08/20 17:57:45.016, 1, 100, 41487, 291.93
2026/08/20 17:57:47.016, 1, 100, 41487, 244.82
2026/08/20 17:57:49.017, 1, 99, 41487, 288.49
2026/08/20 17:57:51.017, 1, 99, 41487, 289.71
2026/08/20 17:57:53.017, 1, 100, 41487, 291.43
2026/08/20 17:57:55.018, 1, 100, 41487, 292.37
2026/08/20 17:57:57.018, 1, 99, 41487, 289.01
2026/08/20 17:57:59.019, 1, 99, 41487, 288.50
2026/08/20 17:58:01.019, 1, 100, 41487, 291.01
2026/08/20 17:58:03.020, 1, 100, 41487, 293.19
2026/08/20 17:58:05.020, 1, 99, 41487, 289.42
2026/08/20 17:58:07.021, 1, 98, 41487, 288.90
2026/08/20 17:58:09.021, 1, 100, 41487, 291.00
2026/08/20 17:58:11.022, 1, 100, 41487, 292.62
2026/08/20 17:58:13.022, 1, 99, 41487, 249.09
2026/08/20 17:58:15.022, 1, 99, 41487, 289.49
2026/08/20 17:58:17.023, 1, 100, 41487, 290.67
2026/08/20 17:58:19.023, 1, 100, 41487, 292.64
2026/08/20 17:58:21.024, 1, 99, 41487, 288.81
2026/08/20 17:58:23.025, 1, 99, 41487, 290.02
2026/08/20 17:58:25.025, 1, 100, 41487, 291.34
2026/08/20 17:58:27.026, 1, 100, 41487, 292.40
2026/08/20 17:58:29.026, 1, 100, 41487, 291.27
2026/08/20 17:58:31.026, 1, 98, 41487, 291.29
2026/08/20 17:58:33.027, 1, 100, 41487, 290.71
2026/08/20 17:58:35.028, 1, 100, 41487, 291.86
2026/08/20 17:58:37.028, 1, 100, 41487, 290.60
2026/08/20 17:58:39.028, 1, 100, 41487, 288.72
2026/08/20 17:58:41.029, 1, 100, 41487, 290.57
2026/08/20 17:58:43.029, 1, 100, 41487, 292.19
2026/08/20 17:58:45.030, 1, 99, 41487, 288.46
2026/08/20 17:58:47.030, 1, 99, 41487, 289.27
2026/08/20 17:58:49.031, 1, 100, 41487, 289.59
2026/08/20 17:58:51.032, 1, 100, 41487, 291.62
2026/08/20 17:58:53.032, 1, 99, 41487, 292.03
2026/08/20 17:58:55.032, 1, 99, 41487, 288.66
2026/08/20 17:58:57.033, 1, 99, 41487, 290.04
2026/08/20 17:58:59.033, 1, 100, 41487, 291.48
2026/08/20 17:59:01.034, 1, 100, 41487, 293.04
2026/08/20 17:59:03.035, 1, 100, 41487, 291.90
2026/08/20 17:59:05.035, 1, 99, 41487, 289.88
2026/08/20 17:59:07.035, 1, 100, 41487, 293.10
2026/08/20 17:59:09.036, 1, 100, 41487, 293.00
2026/08/20 17:59:11.036, 1, 99, 41487, 288.00
2026/08/20 17:59:13.037, 1, 99, 41487, 289.77
2026/08/20 17:59:15.037, 1, 100, 41487, 290.95
2026/08/20 17:59:17.038, 1, 100, 41487, 293.35
2026/08/20 17:59:19.038, 1, 99, 41487, 288.02
2026/08/20 17:59:21.038, 1, 100, 41487, 289.34
2026/08/20 17:59:23.039, 1, 100, 41487, 292.66
2026/08/20 17:59:25.039, 1, 100, 41487, 291.49
2026/08/20 17:59:27.040, 1, 98, 41487, 289.53
2026/08/20 17:59:29.040, 1, 100, 41487, 291.08
2026/08/20 17:59:31.041, 1, 100, 41487, 292.32
2026/08/20 17:59:33.041, 1, 99, 41487, 243.21
2026/08/20 17:59:35.042, 1, 99, 41487, 292.02
2026/08/20 17:59:37.042, 1, 100, 41487, 292.37
2026/08/20 17:59:39.042, 1, 99, 41487, 291.64
2026/08/20 17:59:41.043, 1, 99, 41487, 289.98
2026/08/20 17:59:43.043, 1, 100, 41487, 290.68
2026/08/20 17:59:45.044, 1, 100, 41487, 292.80
2026/08/20 17:59:47.044, 1, 99, 41487, 290.90
2026/08/20 17:59:49.045, 1, 100, 41487, 291.86
2026/08/20 17:59:51.045, 1, 100, 41487, 292.23
2026/08/20 17:59:53.046, 1, 99, 41487, 289.17
2026/08/20 17:59:55.046, 1, 99, 41487, 289.41
2026/08/20 17:59:57.046, 1, 100, 41487, 292.00
2026/08/20 17:59:59.047, 1, 67, 41487, 290.82
2026/08/20 18:00:01.047, 1, 100, 41487, 290.95
2026/08/20 18:00:03.048, 1, 100, 41487, 292.33
2026/08/20 18:00:05.048, 1, 99, 41487, 288.35
2026/08/20 18:00:07.049, 1, 99, 41487, 289.20
2026/08/20 18:00:09.049, 1, 100, 41487, 290.63
2026/08/20 18:00:11.050, 1, 99, 41487, 289.99
2026/08/20 18:00:13.050, 1, 99, 41487, 289.55
2026/08/20 18:00:15.051, 1, 100, 41487, 289.48
2026/08/20 18:00:17.051, 1, 100, 41487, 291.26
2026/08/20 18:00:19.052, 1, 99, 41487, 290.27
2026/08/20 18:00:21.052, 1, 100, 41487, 290.71
2026/08/20 18:00:23.053, 1, 100, 41487, 292.12
2026/08/20 18:00:25.053, 1, 99, 41487, 291.24
2026/08/20 18:00:27.054, 1, 100, 41487, 249.75
2026/08/20 18:00:29.054, 1, 100, 41487, 292.82
2026/08/20 18:00:31.055, 1, 98, 41487, 289.99
2026/08/20 18:00:33.055, 1, 100, 41487, 291.02
2026/08/20 18:00:35.056, 1, 100, 41487, 292.89
2026/08/20 18:00:37.057, 1, 99, 41487, 289.53
2026/08/20 18:00:39.057, 1, 100, 41487, 290.62
2026/08/20 18:00:41.057, 1, 100, 41487, 292.45
2026/08/20 18:00:43.058, 1, 99, 41487, 289.79
2026/08/20 18:00:45.058, 1, 100, 41487, 290.98
2026/08/20 18:00:47.059, 1, 100, 41487, 291.66
2026/08/20 18:00:49.059, 1, 99, 41487, 289.51
2026/08/20 18:00:51.060, 1, 100, 41487, 292.26
2026/08/20 18:00:53.060, 1, 0, 41489, 288.50
2026/08/20 18:00:55.061, 1, 99, 41489, 289.42
2026/08/20 18:00:57.061, 1, 100, 41489, 292.50
2026/08/20 18:00:59.062, 1, 100, 41489, 292.11
2026/08/20 18:01:01.062, 1, 99, 41489, 289.88
2026/08/20 18:01:03.063, 1, 100, 41489, 290.86
2026/08/20 18:01:05.064, 1, 100, 41489, 292.40
2026/08/20 18:01:07.064, 1, 99, 41489, 289.75
2026/08/20 18:01:09.065, 1, 100, 41489, 290.65
2026/08/20 18:01:11.065, 1, 100, 41489, 293.70
2026/08/20 18:01:13.066, 1, 99, 41489, 288.40
2026/08/20 18:01:15.066, 1, 99, 41489, 288.59
2026/08/20 18:01:17.067, 1, 100, 41489, 292.58
2026/08/20 18:01:19.067, 1, 99, 41489, 288.29
2026/08/20 18:01:21.068, 1, 100, 41489, 247.71
2026/08/20 18:01:23.068, 1, 100, 41489, 292.72
2026/08/20 18:01:25.068, 1, 99, 41489, 290.38
2026/08/20 18:01:27.069, 1, 100, 41489, 292.16
2026/08/20 18:01:29.070, 1, 100, 41489, 292.75
2026/08/20 18:01:31.070, 1, 99, 41489, 289.53
2026/08/20 18:01:33.071, 1, 99, 41489, 288.52
2026/08/20 18:01:35.071, 1, 100, 41489, 291.02
2026/08/20 18:01:37.072, 1, 99, 41489, 289.46
2026/08/20 18:01:39.072, 1, 99, 41489, 288.76
2026/08/20 18:01:41.072, 1, 100, 41489, 291.18
2026/08/20 18:01:43.073, 1, 99, 41489, 292.07
2026/08/20 18:01:45.073, 1, 99, 41489, 288.32
2026/08/20 18:01:47.074, 1, 0, 41489, 257.17
2026/08/20 18:01:49.074, 1, 100, 41489, 291.99
2026/08/20 18:01:51.075, 1, 99, 41489, 288.63
2026/08/20 18:01:53.075, 1, 99, 41489, 289.84
2026/08/20 18:01:55.076, 1, 100, 41489, 292.45
2026/08/20 18:01:57.076, 1, 99, 41489, 289.90
2026/08/20 18:01:59.077, 1, 99, 41489, 288.61
2026/08/20 18:02:01.077, 1, 100, 41489, 289.82
2026/08/20 18:02:03.077, 1, 100, 41489, 291.72
2026/08/20 18:02:05.078, 1, 99, 41489, 288.80
2026/08/20 18:02:07.078, 1, 100, 41489, 290.03
2026/08/20 18:02:09.079, 1, 100, 41489, 292.93
2026/08/20 18:02:11.079, 1, 98, 41489, 289.43
2026/08/20 18:02:13.080, 1, 99, 41489, 291.20
2026/08/20 18:02:15.080, 1, 100, 41489, 285.81
2026/08/20 18:02:17.081, 1, 98, 41489, 288.54
2026/08/20 18:02:19.081, 1, 100, 41489, 290.79
2026/08/20 18:02:21.082, 1, 100, 41489, 292.27
2026/08/20 18:02:23.082, 1, 99, 41489, 289.22
2026/08/20 18:02:25.083, 1, 99, 41489, 291.37
2026/08/20 18:02:27.083, 1, 100, 41489, 292.24
2026/08/20 18:02:29.083, 1, 99, 41489, 288.39
2026/08/20 18:02:31.084, 1, 99, 41489, 288.35
2026/08/20 18:02:33.084, 1, 100, 41489, 290.86
2026/08/20 18:02:35.085, 1, 100, 41489, 290.06
2026/08/20 18:02:37.085, 1, 99, 41489, 291.11
2026/08/20 18:02:39.086, 1, 100, 41489, 291.29
2026/08/20 18:02:41.086, 1, 100, 41489, 249.47
2026/08/20 18:02:43.086, 1, 99, 41489, 288.02
2026/08/20 18:02:45.087, 1, 100, 41489, 290.74
2026/08/20 18:02:47.087, 1, 100, 41489, 293.20
2026/08/20 18:02:49.088, 1, 99, 41489, 288.94
2026/08/20 18:02:51.088, 1, 99, 41489, 292.27
2026/08/20 18:02:53.088, 1, 100, 41489, 291.12
2026/08/20 18:02:55.089, 1, 99, 41489, 290.44
2026/08/20 18:02:57.089, 1, 99, 41489, 290.51
2026/08/20 18:02:59.090, 1, 100, 41489, 290.09
2026/08/20 18:03:01.090, 1, 100, 41489, 293.00
2026/08/20 18:03:03.091, 1, 98, 41489, 289.22
2026/08/20 18:03:05.091, 1, 100, 41489, 289.31
2026/08/20 18:03:07.092, 1, 100, 41489, 290.61
2026/08/20 18:03:09.092, 1, 99, 41489, 290.55
2026/08/20 18:03:11.093, 1, 99, 41489, 289.64
2026/08/20 18:03:13.093, 1, 100, 41489, 289.96
2026/08/20 18:03:15.094, 1, 100, 41489, 289.66
2026/08/20 18:03:17.094, 1, 99, 41489, 289.42
2026/08/20 18:03:19.094, 1, 100, 41489, 291.18
2026/08/20 18:03:21.095, 1, 100, 41489, 292.93
2026/08/20 18:03:23.095, 1, 99, 41489, 288.36
2026/08/20 18:03:25.096, 1, 100, 41489, 289.34
2026/08/20 18:03:27.096, 1, 100, 41489, 289.87
2026/08/20 18:03:29.097, 1, 100, 41489, 290.20
2026/08/20 18:03:31.097, 1, 99, 41489, 289.79
2026/08/20 18:03:33.098, 1, 100, 41489, 290.84
2026/08/20 18:03:35.098, 1, 100, 41489, 242.10
2026/08/20 18:03:37.098, 1, 99, 41489, 288.94
2026/08/20 18:03:39.099, 1, 100, 41489, 291.96
2026/08/20 18:03:41.099, 1, 100, 41489, 290.88
2026/08/20 18:03:43.100, 1, 99, 41489, 289.11
2026/08/20 18:03:45.100, 1, 99, 41489, 290.05
2026/08/20 18:03:47.101, 1, 100, 41489, 290.24
2026/08/20 18:03:49.101, 1, 100, 41489, 292.79
2026/08/20 18:03:51.101, 1, 99, 41489, 288.90
2026/08/20 18:03:53.102, 1, 99, 41489, 292.38
2026/08/20 18:03:55.102, 1, 100, 41489, 290.08
2026/08/20 18:03:57.103, 1, 100, 41489, 289.68
2026/08/20 18:03:59.103, 1, 99, 41489, 290.05
2026/08/20 18:04:01.104, 1, 0, 41489, 263.45
2026/08/20 18:04:03.104, 1, 100, 41489, 291.88
2026/08/20 18:04:05.105, 1, 99, 41489, 289.61
2026/08/20 18:04:07.105, 1, 100, 41489, 292.55
2026/08/20 18:04:09.105, 1, 100, 41489, 293.17
2026/08/20 18:04:11.106, 1, 99, 41489, 287.76
2026/08/20 18:04:13.106, 1, 99, 41489, 287.91
2026/08/20 18:04:15.107, 1, 100, 41489, 290.97
2026/08/20 18:04:17.108, 1, 100, 41489, 293.23
2026/08/20 18:04:19.108, 1, 99, 41489, 288.55
2026/08/20 18:04:21.108, 1, 100, 41489, 289.68
2026/08/20 18:04:23.109, 1, 100, 41489, 290.40
2026/08/20 18:04:25.109, 1, 99, 41489, 288.30
2026/08/20 18:04:27.110, 1, 99, 41489, 287.45
2026/08/20 18:04:29.110, 1, 100, 41489, 295.17
2026/08/20 18:04:31.111, 1, 99, 41489, 288.98
2026/08/20 18:04:33.111, 1, 99, 41489, 287.91
2026/08/20 18:04:35.111, 1, 100, 41489, 289.59
2026/08/20 18:04:37.112, 1, 100, 41489, 290.59
2026/08/20 18:04:39.112, 1, 99, 41489, 291.11
2026/08/20 18:04:41.113, 1, 100, 41489, 288.05
2026/08/20 18:04:43.113, 1, 100, 41489, 290.50
2026/08/20 18:04:45.114, 1, 100, 41489, 292.98
2026/08/20 18:04:47.114, 1, 99, 41489, 288.85
2026/08/20 18:04:49.115, 1, 100, 41489, 289.60
2026/08/20 18:04:51.115, 1, 100, 41489, 291.41
2026/08/20 18:04:53.116, 1, 99, 41489, 289.63
2026/08/20 18:04:55.116, 1, 99, 41489, 252.84
2026/08/20 18:04:57.117, 1, 100, 41489, 289.43
2026/08/20 18:04:59.117, 1, 100, 41489, 289.90
2026/08/20 18:05:01.118, 1, 99, 41489, 290.75
2026/08/20 18:05:03.118, 1, 100, 41489, 291.17
2026/08/20 18:05:05.118, 1, 100, 41489, 291.60
2026/08/20 18:05:07.119, 1, 99, 41489, 288.59
2026/08/20 18:05:09.119, 1, 99, 41489, 288.91
2026/08/20 18:05:11.120, 1, 100, 41489, 290.34
2026/08/20 18:05:13.120, 1, 100, 41489, 289.89
2026/08/20 18:05:15.121, 1, 99, 41489, 288.71
2026/08/20 18:05:17.121, 1, 100, 41489, 290.46
2026/08/20 18:05:19.122, 1, 100, 41489, 292.39
2026/08/20 18:05:21.122, 1, 100, 41489, 291.27
2026/08/20 18:05:23.123, 1, 100, 41489, 289.39
2026/08/20 18:05:25.123, 1, 99, 41489, 290.58
2026/08/20 18:05:27.229, 1, 99, 41489, 290.69
2026/08/20 18:05:29.230, 1, 100, 41489, 290.25
2026/08/20 18:05:31.230, 1, 100, 41489, 290.52
2026/08/20 18:05:33.231, 1, 99, 41489, 293.09
2026/08/20 18:05:35.231, 1, 99, 41489, 288.50
2026/08/20 18:05:37.232, 1, 100, 41489, 290.91
2026/08/20 18:05:39.232, 1, 99, 41489, 292.16
2026/08/20 18:05:41.232, 1, 99, 41489, 288.54
2026/08/20 18:05:43.233, 1, 100, 41489, 289.79
2026/08/20 18:05:45.233, 1, 100, 41489, 289.77
2026/08/20 18:05:47.234, 1, 99, 41489, 288.85
2026/08/20 18:05:49.234, 1, 100, 41489, 241.49
2026/08/20 18:05:51.235, 1, 99, 41489, 291.88
2026/08/20 18:05:53.235, 1, 99, 41489, 289.22
2026/08/20 18:05:55.235, 1, 100, 41489, 290.40
2026/08/20 18:05:57.236, 1, 100, 41489, 290.62
2026/08/20 18:05:59.236, 1, 98, 41489, 288.19
2026/08/20 18:06:01.237, 1, 100, 41489, 287.81
2026/08/20 18:06:03.237, 1, 100, 41489, 289.50
2026/08/20 18:06:05.238, 1, 99, 41489, 290.72
2026/08/20 18:06:07.238, 1, 99, 41489, 289.24
2026/08/20 18:06:09.238, 1, 100, 41489, 289.74
2026/08/20 18:06:11.239, 1, 99, 41489, 292.69
2026/08/20 18:06:13.239, 1, 99, 41489, 288.25
2026/08/20 18:06:15.240, 1, 100, 41489, 260.62
2026/08/20 18:06:17.240, 1, 99, 41489, 292.48
2026/08/20 18:06:19.241, 1, 99, 41489, 288.16
2026/08/20 18:06:21.241, 1, 100, 41489, 289.45
2026/08/20 18:06:23.242, 1, 100, 41489, 290.36
2026/08/20 18:06:25.242, 1, 99, 41489, 289.05
2026/08/20 18:06:27.242, 1, 100, 41489, 289.40
2026/08/20 18:06:29.243, 1, 100, 41489, 290.93
2026/08/20 18:06:31.243, 1, 99, 41489, 292.53
2026/08/20 18:06:33.244, 1, 98, 41489, 289.46
2026/08/20 18:06:35.244, 1, 100, 41489, 290.45
2026/08/20 18:06:37.245, 1, 99, 41489, 292.75
2026/08/20 18:06:39.245, 1, 99, 41489, 289.95
2026/08/20 18:06:41.245, 1, 100, 41489, 290.69
2026/08/20 18:06:43.246, 1, 99, 41489, 285.07
2026/08/20 18:06:45.246, 1, 99, 41489, 289.30
2026/08/20 18:06:47.247, 1, 100, 41489, 290.42
2026/08/20 18:06:49.247, 1, 100, 41489, 292.25
2026/08/20 18:06:51.248, 1, 99, 41489, 289.22
2026/08/20 18:06:53.248, 1, 100, 41489, 289.53
2026/08/20 18:06:55.248, 1, 100, 41489, 290.87
2026/08/20 18:06:57.249, 1, 99, 41489, 289.15
2026/08/20 18:06:59.249, 1, 100, 41489, 289.42
2026/08/20 18:07:01.250, 1, 100, 41489, 289.67
2026/08/20 18:07:03.250, 1, 99, 41489, 290.53
2026/08/20 18:07:05.251, 1, 99, 41489, 289.20
2026/08/20 18:07:07.251, 1, 100, 41489, 290.94
2026/08/20 18:07:09.252, 1, 62, 41489, 251.19
2026/08/20 18:07:11.252, 1, 99, 41489, 289.25
2026/08/20 18:07:13.252, 1, 100, 41489, 291.55
2026/08/20 18:07:15.253, 1, 99, 41489, 293.36
2026/08/20 18:07:17.253, 1, 99, 41489, 288.16
2026/08/20 18:07:19.254, 1, 100, 41489, 289.69
2026/08/20 18:07:21.254, 1, 100, 41489, 290.47
2026/08/20 18:07:23.255, 1, 99, 41489, 288.70
2026/08/20 18:07:25.255, 1, 100, 41489, 288.04
2026/08/20 18:07:27.255, 1, 100, 41489, 289.52
2026/08/20 18:07:29.256, 1, 99, 41489, 291.47
2026/08/20 18:07:31.256, 1, 99, 41489, 289.21
2026/08/20 18:07:33.257, 1, 100, 41489, 291.46
2026/08/20 18:07:35.257, 1, 99, 41489, 293.86
2026/08/20 18:07:37.258, 1, 99, 41489, 290.13
2026/08/20 18:07:39.258, 1, 100, 41489, 291.95
2026/08/20 18:07:41.258, 1, 99, 41489, 293.37
2026/08/20 18:07:43.259, 1, 99, 41489, 288.02
2026/08/20 18:07:45.259, 1, 99, 41489, 289.57
2026/08/20 18:07:47.260, 1, 100, 41489, 291.83
2026/08/20 18:07:49.260, 1, 99, 41489, 288.60
2026/08/20 18:07:51.261, 1, 100, 41489, 288.82
2026/08/20 18:07:53.261, 1, 100, 41489, 288.76
2026/08/20 18:07:55.261, 1, 99, 41489, 291.80
2026/08/20 18:07:57.262, 1, 99, 41489, 291.44
2026/08/20 18:07:59.262, 1, 99, 41489, 290.99
2026/08/20 18:08:01.263, 1, 100, 41489, 292.12
2026/08/20 18:08:03.263, 1, 98, 41489, 246.54
2026/08/20 18:08:05.264, 1, 100, 41489, 288.71
2026/08/20 18:08:07.264, 1, 100, 41489, 289.67
2026/08/20 18:08:09.265, 1, 99, 41489, 293.04
2026/08/20 18:08:11.265, 1, 99, 41489, 288.67
2026/08/20 18:08:13.265, 1, 100, 41489, 290.20
2026/08/20 18:08:15.266, 1, 100, 41489, 291.78
2026/08/20 18:08:17.266, 1, 99, 41489, 292.51
2026/08/20 18:08:19.267, 1, 99, 41489, 289.15
2026/08/20 18:08:21.267, 1, 100, 41489, 288.24
2026/08/20 18:08:23.268, 1, 100, 41489, 290.67
2026/08/20 18:08:25.268, 1, 98, 41489, 288.33
2026/08/20 18:08:27.269, 1, 100, 41489, 287.86
2026/08/20 18:08:29.269, 1, 100, 41489, 271.66
2026/08/20 18:08:31.269, 1, 98, 41489, 288.17
2026/08/20 18:08:33.270, 1, 100, 41489, 288.39
2026/08/20 18:08:35.270, 1, 100, 41489, 289.73
2026/08/20 18:08:37.292, 1, 99, 41489, 290.11
2026/08/20 18:08:39.292, 1, 99, 41489, 289.25
2026/08/20 18:08:41.292, 1, 100, 41489, 290.60
2026/08/20 18:08:43.293, 1, 99, 41489, 293.29
2026/08/20 18:08:45.293, 1, 100, 41489, 292.84
2026/08/20 18:08:47.294, 1, 99, 41489, 288.90
2026/08/20 18:08:49.294, 1, 100, 41489, 290.15
2026/08/20 18:08:51.295, 1, 100, 41489, 292.12
2026/08/20 18:08:53.295, 1, 99, 41489, 289.64
2026/08/20 18:08:55.296, 1, 99, 41489, 288.34
2026/08/20 18:08:57.296, 1, 100, 41489, 295.69
2026/08/20 18:08:59.297, 1, 99, 41489, 290.71
2026/08/20 18:09:01.297, 1, 99, 41489, 289.85
2026/08/20 18:09:03.298, 1, 100, 41489, 290.61
2026/08/20 18:09:05.298, 1, 100, 41489, 293.29
2026/08/20 18:09:07.299, 1, 99, 41489, 289.04
2026/08/20 18:09:09.299, 1, 100, 41489, 290.45
2026/08/20 18:09:11.299, 1, 100, 41489, 292.06
2026/08/20 18:09:13.300, 1, 100, 41489, 292.09
2026/08/20 18:09:15.300, 1, 99, 41489, 288.43
2026/08/20 18:09:17.301, 1, 99, 41489, 289.06
2026/08/20 18:09:19.301, 1, 100, 41489, 290.24
2026/08/20 18:09:21.302, 1, 99, 41489, 289.70
2026/08/20 18:09:23.302, 1, 99, 41489, 250.91
2026/08/20 18:09:25.303, 1, 100, 41489, 293.00
2026/08/20 18:09:27.303, 1, 100, 41489, 289.60
2026/08/20 18:09:29.303, 1, 99, 41489, 289.60
2026/08/20 18:09:31.304, 1, 100, 41489, 291.07
2026/08/20 18:09:33.304, 1, 100, 41489, 293.81
2026/08/20 18:09:35.305, 1, 99, 41489, 288.02
2026/08/20 18:09:37.305, 1, 99, 41489, 289.61
2026/08/20 18:09:39.306, 1, 100, 41489, 290.63
2026/08/20 18:09:41.306, 1, 99, 41489, 289.01
2026/08/20 18:09:43.307, 1, 99, 41489, 288.95
2026/08/20 18:09:45.307, 1, 100, 41489, 290.74
2026/08/20 18:09:47.308, 1, 100, 41489, 291.11
2026/08/20 18:09:49.308, 1, 99, 41489, 287.15
2026/08/20 18:09:51.309, 1, 100, 41489, 290.38
2026/08/20 18:09:53.309, 1, 100, 41489, 291.62
2026/08/20 18:09:55.310, 1, 99, 41489, 288.54
2026/08/20 18:09:57.310, 1, 100, 41489, 290.38
2026/08/20 18:09:59.310, 1, 100, 41489, 290.86
2026/08/20 18:10:01.311, 1, 99, 41489, 288.33
2026/08/20 18:10:03.311, 1, 99, 41489, 289.31
2026/08/20 18:10:05.312, 1, 100, 41489, 290.11
2026/08/20 18:10:07.313, 1, 99, 41489, 288.45
2026/08/20 18:10:09.313, 1, 99, 41489, 289.07
2026/08/20 18:10:11.313, 1, 100, 41489, 290.89
2026/08/20 18:10:13.314, 1, 100, 41489, 293.63
2026/08/20 18:10:15.314, 1, 99, 41489, 289.13
2026/08/20 18:10:17.315, 1, 100, 41489, 247.41
2026/08/20 18:10:19.315, 1, 100, 41489, 292.95
2026/08/20 18:10:21.316, 1, 99, 41489, 288.89
2026/08/20 18:10:23.317, 1, 100, 41489, 290.37
2026/08/20 18:10:25.317, 1, 100, 41489, 292.21
2026/08/20 18:10:27.318, 1, 99, 41489, 289.42
2026/08/20 18:10:29.318, 1, 98, 41489, 289.65
2026/08/20 18:10:31.319, 1, 100, 41489, 290.96
2026/08/20 18:10:33.319, 1, 100, 41489, 290.92
2026/08/20 18:10:35.320, 1, 99, 41489, 289.46
2026/08/20 18:10:37.320, 1, 100, 41489, 291.12
2026/08/20 18:10:39.321, 1, 100, 41489, 291.95
2026/08/20 18:10:41.321, 1, 99, 41489, 290.25
2026/08/20 18:10:43.321, 1, 28, 41489, 257.10
2026/08/20 18:10:45.322, 1, 100, 41489, 292.46
2026/08/20 18:10:47.322, 1, 99, 41489, 288.35
2026/08/20 18:10:49.323, 1, 99, 41489, 289.78
2026/08/20 18:10:51.323, 1, 100, 41489, 292.30
2026/08/20 18:10:53.324, 1, 99, 41489, 290.86
2026/08/20 18:10:55.324, 1, 99, 41489, 290.16
2026/08/20 18:10:57.325, 1, 100, 41489, 291.74
2026/08/20 18:10:59.325, 1, 100, 41489, 293.82
2026/08/20 18:11:01.326, 1, 98, 41489, 289.71
2026/08/20 18:11:03.326, 1, 100, 41489, 290.98
2026/08/20 18:11:05.327, 1, 100, 41489, 292.81
2026/08/20 18:11:07.327, 1, 99, 41489, 288.43
2026/08/20 18:11:09.328, 1, 99, 41489, 289.78
2026/08/20 18:11:11.328, 1, 100, 41489, 293.35
2026/08/20 18:11:13.328, 1, 99, 41489, 288.04
2026/08/20 18:11:15.329, 1, 99, 41489, 289.82
2026/08/20 18:11:17.329, 1, 100, 41489, 290.75
2026/08/20 18:11:19.330, 1, 99, 41489, 288.76
2026/08/20 18:11:21.330, 1, 99, 41489, 289.55
2026/08/20 18:11:23.331, 1, 100, 41489, 291.22
2026/08/20 18:11:25.331, 1, 100, 41489, 290.29
2026/08/20 18:11:27.332, 1, 99, 41489, 291.39
2026/08/20 18:11:29.332, 1, 100, 41489, 291.43
2026/08/20 18:11:31.333, 1, 100, 41489, 293.21
2026/08/20 18:11:33.333, 1, 99, 41489, 288.62
2026/08/20 18:11:35.334, 1, 100, 41489, 290.74
2026/08/20 18:11:37.334, 1, 100, 41489, 246.34
2026/08/20 18:11:39.335, 1, 99, 41489, 289.50
2026/08/20 18:11:41.335, 1, 100, 41489, 291.39
2026/08/20 18:11:43.335, 1, 100, 41489, 291.87
2026/08/20 18:11:45.336, 1, 99, 41489, 289.44
2026/08/20 18:11:47.336, 1, 99, 41489, 288.72
2026/08/20 18:11:49.337, 1, 100, 41489, 290.17
2026/08/20 18:11:51.337, 1, 99, 41489, 290.76
2026/08/20 18:11:53.338, 1, 99, 41489, 290.15
2026/08/20 18:11:55.338, 1, 100, 41489, 291.43
2026/08/20 18:11:57.338, 1, 100, 41489, 293.64
2026/08/20 18:11:59.339, 1, 98, 41489, 289.04
2026/08/20 18:12:01.339, 1, 100, 41489, 290.89
2026/08/20 18:12:03.340, 1, 100, 41489, 291.12
2026/08/20 18:12:05.340, 1, 99, 41489, 288.58
2026/08/20 18:12:07.341, 1, 100, 41489, 289.46
2026/08/20 18:12:09.341, 1, 100, 41489, 291.02
2026/08/20 18:12:11.342, 1, 100, 41489, 289.53
2026/08/20 18:12:13.342, 1, 99, 41489, 288.76
2026/08/20 18:12:15.343, 1, 100, 41489, 291.14
2026/08/20 18:12:17.343, 1, 100, 41489, 292.81
2026/08/20 18:12:19.343, 1, 99, 41489, 290.86
2026/08/20 18:12:21.344, 1, 99, 41489, 291.19
2026/08/20 18:12:23.344, 1, 100, 41489, 291.95
2026/08/20 18:12:25.345, 1, 99, 41489, 289.64
2026/08/20 18:12:27.345, 1, 100, 41489, 290.96
2026/08/20 18:12:29.346, 1, 100, 41489, 290.24
2026/08/20 18:12:31.346, 1, 99, 41489, 238.30
2026/08/20 18:12:33.346, 1, 100, 41489, 291.68
2026/08/20 18:12:35.347, 1, 100, 41489, 293.11
2026/08/20 18:12:37.347, 1, 99, 41489, 288.48
2026/08/20 18:12:39.348, 1, 100, 41489, 290.77
2026/08/20 18:12:41.348, 1, 100, 41489, 291.68
2026/08/20 18:12:43.349, 1, 99, 41489, 289.55
2026/08/20 18:12:45.349, 1, 99, 41489, 289.54
2026/08/20 18:12:47.350, 1, 100, 41489, 290.53
2026/08/20 18:12:49.350, 1, 100, 41489, 292.23
2026/08/20 18:12:51.351, 1, 99, 41489, 290.80
2026/08/20 18:12:53.351, 1, 100, 41489, 291.22
2026/08/20 18:12:55.352, 1, 100, 41489, 292.95
2026/08/20 18:12:57.352, 1, 100, 41489, 290.27
2026/08/20 18:12:59.353, 1, 100, 41489, 290.93
2026/08/20 18:13:01.353, 1, 100, 41489, 291.72
2026/08/20 18:13:03.353, 1, 99, 41489, 288.18
2026/08/20 18:13:05.354, 1, 99, 41489, 289.06
2026/08/20 18:13:07.355, 1, 100, 41489, 291.83
2026/08/20 18:13:09.355, 1, 99, 41489, 288.92
2026/08/20 18:13:11.356, 1, 99, 41489, 289.38
2026/08/20 18:13:13.356, 1, 100, 41489, 291.33
2026/08/20 18:13:15.357, 1, 100, 41489, 290.27
2026/08/20 18:13:17.357, 1, 99, 41489, 289.74
2026/08/20 18:13:19.358, 1, 100, 41489, 291.36
2026/08/20 18:13:21.358, 1, 100, 41489, 293.98
2026/08/20 18:13:23.359, 1, 99, 41489, 289.35
2026/08/20 18:13:25.359, 1, 100, 41489, 244.62
2026/08/20 18:13:27.360, 1, 100, 41489, 293.39
2026/08/20 18:13:29.360, 1, 99, 41489, 290.88
2026/08/20 18:13:31.361, 1, 100, 41489, 290.47
2026/08/20 18:13:33.361, 1, 100, 41489, 291.30
2026/08/20 18:13:35.361, 1, 99, 41489, 287.83
2026/08/20 18:13:37.362, 1, 99, 41489, 289.90
2026/08/20 18:13:39.362, 1, 100, 41489, 290.56
2026/08/20 18:13:41.363, 1, 99, 41489, 290.61
2026/08/20 18:13:43.363, 1, 99, 41489, 289.13
2026/08/20 18:13:45.364, 1, 100, 41489, 290.70
2026/08/20 18:13:47.364, 1, 100, 41489, 291.31
2026/08/20 18:13:49.364, 1, 98, 41489, 289.31
2026/08/20 18:13:51.365, 1, 0, 41489, 260.38
2026/08/20 18:13:53.365, 1, 100, 41489, 290.90
2026/08/20 18:13:55.366, 1, 99, 41489, 289.22
2026/08/20 18:13:57.366, 1, 100, 41489, 291.80
2026/08/20 18:13:59.367, 1, 100, 41489, 293.28
2026/08/20 18:14:01.367, 1, 99, 41489, 287.68
2026/08/20 18:14:03.368, 1, 100, 41489, 289.96
2026/08/20 18:14:05.368, 1, 100, 41489, 290.26
2026/08/20 18:14:07.369, 1, 99, 41489, 290.99
2026/08/20 18:14:09.369, 1, 99, 41489, 289.36
2026/08/20 18:14:11.370, 1, 100, 41489, 291.03
2026/08/20 18:14:13.370, 1, 100, 41489, 293.06
2026/08/20 18:14:15.370, 1, 98, 41489, 289.35
2026/08/20 18:14:17.371, 1, 99, 41489, 289.51
2026/08/20 18:14:19.372, 1, 100, 41489, 285.74
2026/08/20 18:14:21.372, 1, 99, 41489, 290.30
2026/08/20 18:14:23.373, 1, 100, 41489, 289.92
2026/08/20 18:14:25.374, 1, 100, 41489, 292.13
2026/08/20 18:14:27.374, 1, 98, 41489, 289.14
2026/08/20 18:14:29.375, 1, 99, 41489, 289.07
2026/08/20 18:14:31.376, 1, 100, 41489, 289.04
2026/08/20 18:14:33.377, 1, 100, 41489, 290.68
2026/08/20 18:14:35.377, 1, 99, 41489, 289.03
2026/08/20 18:14:37.378, 1, 100, 41489, 290.23
2026/08/20 18:14:39.379, 1, 100, 41489, 291.47
2026/08/20 18:14:41.379, 1, 99, 41489, 288.57
2026/08/20 18:14:43.380, 1, 99, 41489, 289.42
2026/08/20 18:14:45.380, 1, 100, 41489, 252.67
2026/08/20 18:14:47.381, 1, 99, 41489, 291.61
2026/08/20 18:14:49.382, 1, 99, 41489, 290.11
2026/08/20 18:14:51.382, 1, 100, 41489, 290.41
2026/08/20 18:14:53.383, 1, 100, 41489, 292.90
2026/08/20 18:14:55.383, 1, 99, 41489, 288.78
2026/08/20 18:14:57.384, 1, 100, 41489, 289.66
2026/08/20 18:14:59.384, 1, 100, 41489, 291.49
2026/08/20 18:15:01.384, 1, 99, 41489, 293.04
2026/08/20 18:15:03.385, 1, 99, 41489, 289.84
2026/08/20 18:15:05.385, 1, 99, 41489, 289.86
2026/08/20 18:15:07.386, 1, 100, 41489, 290.51
2026/08/20 18:15:09.386, 1, 99, 41489, 289.16
2026/08/20 18:15:11.387, 1, 99, 41489, 289.19
2026/08/20 18:15:13.387, 1, 100, 41489, 292.91
2026/08/20 18:15:15.388, 1, 99, 41489, 289.14
2026/08/20 18:15:17.388, 1, 99, 41489, 288.95
2026/08/20 18:15:19.389, 1, 100, 41489, 290.81
2026/08/20 18:15:21.389, 1, 100, 41489, 291.01
2026/08/20 18:15:23.390, 1, 99, 41489, 289.62
2026/08/20 18:15:25.390, 1, 100, 41489, 291.81
2026/08/20 18:15:27.391, 1, 100, 41489, 292.73
2026/08/20 18:15:29.391, 1, 99, 41489, 288.56
2026/08/20 18:15:31.392, 1, 100, 41489, 291.07
2026/08/20 18:15:33.392, 1, 100, 41489, 292.83
2026/08/20 18:15:35.392, 1, 99, 41489, 288.41
2026/08/20 18:15:37.393, 1, 99, 41489, 290.26
2026/08/20 18:15:39.393, 1, 100, 41489, 247.46
2026/08/20 18:15:41.394, 1, 99, 41489, 288.63
2026/08/20 18:15:43.394, 1, 99, 41489, 287.85
2026/08/20 18:15:45.395, 1, 100, 41489, 290.80
2026/08/20 18:15:47.395, 1, 99, 41489, 289.60
2026/08/20 18:15:49.396, 1, 99, 41489, 289.07
2026/08/20 18:15:51.396, 1, 100, 41489, 289.75
2026/08/20 18:15:53.397, 1, 100, 41489, 291.08
2026/08/20 18:15:55.397, 1, 99, 41489, 289.25
2026/08/20 18:15:57.398, 1, 100, 41489, 290.98
2026/08/20 18:15:59.398, 1, 100, 41489, 292.74
2026/08/20 18:16:01.399, 1, 98, 41489, 288.71
2026/08/20 18:16:03.399, 1, 100, 41489, 290.19
2026/08/20 18:16:05.400, 1, 0, 41489, 282.12
2026/08/20 18:16:07.400, 1, 99, 41489, 289.00
2026/08/20 18:16:09.401, 1, 100, 41489, 290.61
2026/08/20 18:16:11.401, 1, 100, 41489, 292.84
2026/08/20 18:16:13.402, 1, 99, 41489, 289.52
2026/08/20 18:16:15.402, 1, 99, 41489, 289.43
2026/08/20 18:16:17.402, 1, 100, 41489, 290.95
2026/08/20 18:16:19.403, 1, 99, 41489, 289.64
2026/08/20 18:16:21.403, 1, 99, 41489, 289.44
2026/08/20 18:16:23.404, 1, 100, 41489, 291.74
2026/08/20 18:16:25.405, 1, 100, 41489, 292.67
2026/08/20 18:16:27.405, 1, 99, 41489, 290.50
2026/08/20 18:16:29.406, 1, 100, 41489, 291.95
2026/08/20 18:16:31.406, 1, 100, 41489, 294.07
2026/08/20 18:16:33.407, 1, 99, 41489, 262.64
2026/08/20 18:16:35.407, 1, 100, 41489, 290.51
2026/08/20 18:16:37.408, 1, 100, 41489, 292.81
2026/08/20 18:16:39.408, 1, 99, 41489, 290.37
2026/08/20 18:16:41.408, 1, 99, 41489, 291.03
2026/08/20 18:16:43.409, 1, 100, 41489, 292.15
2026/08/20 18:16:45.410, 1, 99, 41489, 288.60
2026/08/20 18:16:47.410, 1, 99, 41489, 289.92
2026/08/20 18:16:49.411, 1, 100, 41489, 290.62
2026/08/20 18:16:51.411, 1, 99, 41489, 288.97
2026/08/20 18:16:53.411, 1, 99, 41489, 289.64
2026/08/20 18:16:55.412, 1, 100, 41489, 290.84
2026/08/20 18:16:57.413, 1, 99, 41489, 290.06
2026/08/20 18:16:59.413, 1, 67, 41489, 246.15
2026/08/20 18:17:01.414, 1, 100, 41489, 290.84
2026/08/20 18:17:03.414, 1, 99, 41489, 288.83
2026/08/20 18:17:05.415, 1, 99, 41489, 287.96
2026/08/20 18:17:07.415, 1, 100, 41489, 291.97
2026/08/20 18:17:09.415, 1, 99, 41489, 289.65
2026/08/20 18:17:11.416, 1, 99, 41489, 288.03
2026/08/20 18:17:13.416, 1, 100, 41489, 289.80
2026/08/20 18:17:15.417, 1, 100, 41489, 290.33
2026/08/20 18:17:17.417, 1, 99, 41489, 289.36
2026/08/20 18:17:19.418, 1, 100, 41489, 290.82
2026/08/20 18:17:21.418, 1, 100, 41489, 290.69
2026/08/20 18:17:23.419, 1, 99, 41489, 291.17
2026/08/20 18:17:25.419, 1, 99, 41489, 290.20
2026/08/20 18:17:27.420, 1, 100, 41489, 280.26
2026/08/20 18:17:29.420, 1, 99, 41489, 290.24
2026/08/20 18:17:31.420, 1, 100, 41489, 290.31
2026/08/20 18:17:33.421, 1, 100, 41489, 291.96
2026/08/20 18:17:35.421, 1, 98, 41489, 289.69
2026/08/20 18:17:37.422, 1, 100, 41489, 290.90
2026/08/20 18:17:39.422, 1, 100, 41489, 294.30
2026/08/20 18:17:41.423, 1, 99, 41489, 289.52
2026/08/20 18:17:43.423, 1, 100, 41489, 291.07
2026/08/20 18:17:45.424, 1, 100, 41489, 292.81
2026/08/20 18:17:47.424, 1, 99, 41489, 288.72
2026/08/20 18:17:49.424, 1, 99, 41489, 288.73
2026/08/20 18:17:51.425, 1, 100, 41489, 292.30
2026/08/20 18:17:53.425, 1, 98, 41489, 251.79
2026/08/20 18:17:55.426, 1, 99, 41489, 290.52
2026/08/20 18:17:57.426, 1, 100, 41489, 290.97
2026/08/20 18:17:59.427, 1, 100, 41489, 292.56
2026/08/20 18:18:01.427, 1, 99, 41489, 289.99
2026/08/20 18:18:03.428, 1, 99, 41489, 292.02
2026/08/20 18:18:05.428, 1, 100, 41489, 290.86
2026/08/20 18:18:07.429, 1, 99, 41489, 288.49
2026/08/20 18:18:09.429, 1, 99, 41489, 289.85
2026/08/20 18:18:11.430, 1, 100, 41489, 290.72
2026/08/20 18:18:13.430, 1, 100, 41489, 290.12
2026/08/20 18:18:15.431, 1, 99, 41489, 290.48
2026/08/20 18:18:17.431, 1, 100, 41489, 291.40
2026/08/20 18:18:19.432, 1, 100, 41489, 293.53
2026/08/20 18:18:21.432, 1, 99, 41489, 291.05
2026/08/20 18:18:23.432, 1, 100, 41489, 292.50
2026/08/20 18:18:25.433, 1, 100, 41489, 291.64
2026/08/20 18:18:27.433, 1, 99, 41489, 289.77
2026/08/20 18:18:29.434, 1, 99, 41489, 289.58
2026/08/20 18:18:31.434, 1, 100, 41489, 291.11
2026/08/20 18:18:33.435, 1, 99, 41489, 288.71
2026/08/20 18:18:35.435, 1, 99, 41489, 289.19
2026/08/20 18:18:37.436, 1, 100, 41489, 292.45
2026/08/20 18:18:39.437, 1, 100, 41489, 291.53
2026/08/20 18:18:41.437, 1, 99, 41489, 288.78
2026/08/20 18:18:43.438, 1, 100, 41489, 291.23
2026/08/20 18:18:45.438, 1, 100, 41489, 290.58
2026/08/20 18:18:47.439, 1, 99, 41489, 244.03
2026/08/20 18:18:49.439, 1, 100, 41489, 290.19
2026/08/20 18:18:51.440, 1, 100, 41489, 290.06
2026/08/20 18:18:53.440, 1, 99, 41489, 288.84
2026/08/20 18:18:55.441, 1, 100, 41489, 290.90
2026/08/20 18:18:57.441, 1, 100, 41489, 292.72
2026/08/20 18:18:59.442, 1, 99, 41489, 288.75
2026/08/20 18:19:01.443, 1, 100, 41489, 292.32
2026/08/20 18:19:03.443, 1, 100, 41489, 291.58
2026/08/20 18:19:05.444, 1, 99, 41489, 287.35
2026/08/20 18:19:07.444, 1, 99, 41489, 290.06
2026/08/20 18:19:09.445, 1, 100, 41489, 292.90
2026/08/20 18:19:11.445, 1, 99, 41489, 290.11
2026/08/20 18:19:13.446, 1, 98, 41489, 289.07
2026/08/20 18:19:15.446, 1, 100, 41489, 290.78
2026/08/20 18:19:17.447, 1, 99, 41489, 290.27
2026/08/20 18:19:19.447, 1, 99, 41489, 290.01
2026/08/20 18:19:21.448, 1, 100, 41489, 289.41
2026/08/20 18:19:23.448, 1, 100, 41489, 290.20
2026/08/20 18:19:25.449, 1, 99, 41489, 289.54
2026/08/20 18:19:27.449, 1, 100, 41489, 290.10
2026/08/20 18:19:29.450, 1, 100, 41489, 292.45
2026/08/20 18:19:31.450, 1, 99, 41489, 288.47
2026/08/20 18:19:33.451, 1, 100, 41489, 290.82
2026/08/20 18:19:35.451, 1, 100, 41489, 292.06
2026/08/20 18:19:37.452, 1, 99, 41489, 288.46
2026/08/20 18:19:39.452, 1, 100, 41489, 290.04
2026/08/20 18:19:41.453, 1, 100, 41489, 248.22
2026/08/20 18:19:43.454, 1, 99, 41489, 289.28
2026/08/20 18:19:45.454, 1, 100, 41489, 290.83
2026/08/20 18:19:47.455, 1, 100, 41489, 293.07
2026/08/20 18:19:49.455, 1, 99, 41489, 289.14
2026/08/20 18:19:51.456, 1, 99, 41489, 289.43
2026/08/20 18:19:53.456, 1, 100, 41489, 290.27
2026/08/20 18:19:55.457, 1, 99, 41489, 289.67
2026/08/20 18:19:57.457, 1, 99, 41489, 288.68
2026/08/20 18:19:59.458, 1, 100, 41489, 291.80
2026/08/20 18:20:01.458, 1, 100, 41489, 292.60
2026/08/20 18:20:03.459, 1, 99, 41489, 289.19
2026/08/20 18:20:05.459, 1, 100, 41489, 292.55
2026/08/20 18:20:07.460, 1, 0, 41489, 287.70
2026/08/20 18:20:09.460, 1, 99, 41489, 288.81
2026/08/20 18:20:11.461, 1, 100, 41489, 291.14
2026/08/20 18:20:13.461, 1, 100, 41489, 292.43
2026/08/20 18:20:15.462, 1, 99, 41489, 289.59
2026/08/20 18:20:17.462, 1, 100, 41489, 292.72
2026/08/20 18:20:19.462, 1, 100, 41489, 293.36
2026/08/20 18:20:21.463, 1, 99, 41489, 289.69
2026/08/20 18:20:23.464, 1, 100, 41489, 289.91
2026/08/20 18:20:25.464, 1, 100, 41489, 292.50
2026/08/20 18:20:27.464, 1, 99, 41489, 289.06
2026/08/20 18:20:29.465, 1, 99, 41489, 288.83
2026/08/20 18:20:31.465, 1, 100, 41489, 290.99
2026/08/20 18:20:33.466, 1, 99, 41489, 289.11
2026/08/20 18:20:35.466, 1, 100, 41489, 245.78
2026/08/20 18:20:37.467, 1, 100, 41489, 293.59
2026/08/20 18:20:39.467, 1, 99, 41489, 288.82
2026/08/20 18:20:41.468, 1, 99, 41489, 288.86
2026/08/20 18:20:43.468, 1, 100, 41489, 292.24
2026/08/20 18:20:45.469, 1, 99, 41489, 293.05
2026/08/20 18:20:47.469, 1, 99, 41489, 289.39
2026/08/20 18:20:49.470, 1, 99, 41489, 289.45
2026/08/20 18:20:51.470, 1, 100, 41489, 291.99
2026/08/20 18:20:53.471, 1, 99, 41489, 288.28
2026/08/20 18:20:55.471, 1, 99, 41489, 288.14
2026/08/20 18:20:57.471, 1, 100, 41489, 289.65
2026/08/20 18:20:59.472, 1, 100, 41489, 292.87
2026/08/20 18:21:01.472, 1, 71, 41489, 239.60
2026/08/20 18:21:03.473, 1, 100, 41489, 290.94
2026/08/20 18:21:05.473, 1, 99, 41489, 288.40
2026/08/20 18:21:07.474, 1, 99, 41489, 287.89
2026/08/20 18:21:09.474, 1, 100, 41489, 290.83
2026/08/20 18:21:11.475, 1, 100, 41489, 291.68
2026/08/20 18:21:13.476, 1, 99, 41489, 289.46
2026/08/20 18:21:15.476, 1, 100, 41489, 290.07
2026/08/20 18:21:17.476, 1, 100, 41489, 292.48
2026/08/20 18:21:19.477, 1, 99, 41489, 290.99
2026/08/20 18:21:21.477, 1, 100, 41489, 292.00
2026/08/20 18:21:23.478, 1, 100, 41489, 291.87
2026/08/20 18:21:25.478, 1, 99, 41489, 288.75
2026/08/20 18:21:27.479, 1, 98, 41489, 288.35
2026/08/20 18:21:29.479, 1, 100, 41489, 296.22
2026/08/20 18:21:31.480, 1, 99, 41489, 288.33
2026/08/20 18:21:33.480, 1, 99, 41489, 288.96
2026/08/20 18:21:35.481, 1, 100, 41489, 290.96
2026/08/20 18:21:37.481, 1, 100, 41489, 291.74
2026/08/20 18:21:39.482, 1, 99, 41489, 288.94
2026/08/20 18:21:41.482, 1, 100, 41489, 289.75
2026/08/20 18:21:43.483, 1, 100, 41489, 292.32
2026/08/20 18:21:45.483, 1, 99, 41489, 288.84
2026/08/20 18:21:47.483, 1, 100, 41489, 291.86
2026/08/20 18:21:49.484, 1, 100, 41489, 292.24
2026/08/20 18:21:51.484, 1, 99, 41489, 288.90
2026/08/20 18:21:53.485, 1, 99, 41489, 289.70
2026/08/20 18:21:55.485, 1, 100, 41489, 246.05
2026/08/20 18:21:57.486, 1, 99, 41489, 288.62
2026/08/20 18:21:59.486, 1, 99, 41489, 288.26
2026/08/20 18:22:01.487, 1, 100, 41489, 289.86
2026/08/20 18:22:03.487, 1, 100, 41489, 292.32
2026/08/20 18:22:05.488, 1, 99, 41489, 290.00
2026/08/20 18:22:07.488, 1, 100, 41489, 291.65
2026/08/20 18:22:09.489, 1, 100, 41489, 292.97
2026/08/20 18:22:11.489, 1, 99, 41489, 290.49
2026/08/20 18:22:13.490, 1, 99, 41489, 291.19
2026/08/20 18:22:15.490, 1, 100, 41489, 292.21
2026/08/20 18:22:17.490, 1, 99, 41489, 289.38
2026/08/20 18:22:19.491, 1, 99, 41489, 289.40
2026/08/20 18:22:21.491, 1, 100, 41489, 291.60
2026/08/20 18:22:23.492, 1, 100, 41489, 291.48
2026/08/20 18:22:25.492, 1, 99, 41489, 288.38
2026/08/20 18:22:27.493, 1, 100, 41489, 291.08
2026/08/20 18:22:29.493, 1, 100, 41489, 291.70
2026/08/20 18:22:31.494, 1, 99, 41489, 290.72
2026/08/20 18:22:33.494, 1, 100, 41489, 291.42
2026/08/20 18:22:35.495, 1, 100, 41489, 291.85
2026/08/20 18:22:37.495, 1, 99, 41489, 287.91
2026/08/20 18:22:39.496, 1, 98, 41489, 288.76
2026/08/20 18:22:41.496, 1, 100, 41489, 290.93
2026/08/20 18:22:43.497, 1, 99, 41489, 290.51
2026/08/20 18:22:45.497, 1, 99, 41489, 289.05
2026/08/20 18:22:47.497, 1, 100, 41489, 289.49
2026/08/20 18:22:49.498, 1, 98, 41489, 241.34
2026/08/20 18:22:51.499, 1, 99, 41489, 291.99
2026/08/20 18:22:53.499, 1, 100, 41489, 290.11
2026/08/20 18:22:55.500, 1, 99, 41489, 288.52
2026/08/20 18:22:57.500, 1, 99, 41489, 289.02
2026/08/20 18:22:59.501, 1, 100, 41489, 291.95
2026/08/20 18:23:01.501, 1, 100, 41489, 289.95
2026/08/20 18:23:03.502, 1, 99, 41489, 288.88
2026/08/20 18:23:05.502, 1, 100, 41489, 289.98
2026/08/20 18:23:07.502, 1, 100, 41489, 292.24
2026/08/20 18:23:09.503, 1, 99, 41489, 288.36
2026/08/20 18:23:11.503, 1, 100, 41489, 291.07
2026/08/20 18:23:13.504, 1, 100, 41489, 292.04
2026/08/20 18:23:15.504, 1, 100, 41489, 289.30
2026/08/20 18:23:17.505, 1, 100, 41489, 291.86
2026/08/20 18:23:19.505, 1, 100, 41489, 293.16
2026/08/20 18:23:21.506, 1, 99, 41489, 288.74
2026/08/20 18:23:23.507, 1, 99, 41489, 289.64
2026/08/20 18:23:25.507, 1, 100, 41489, 292.23
2026/08/20 18:23:27.507, 1, 100, 41489, 292.23
2026/08/20 18:23:29.508, 1, 98, 41489, 288.86
2026/08/20 18:23:31.508, 1, 100, 41489, 289.80
2026/08/20 18:23:33.509, 1, 100, 41489, 293.12
2026/08/20 18:23:35.509, 1, 99, 41489, 290.25
2026/08/20 18:23:37.510, 1, 100, 41489, 292.01
2026/08/20 18:23:39.510, 1, 100, 41489, 291.40
2026/08/20 18:23:41.511, 1, 99, 41489, 293.70
2026/08/20 18:23:43.511, 1, 100, 41489, 257.18
2026/08/20 18:23:45.512, 1, 100, 41489, 291.21
2026/08/20 18:23:47.512, 1, 100, 41489, 294.29
2026/08/20 18:23:49.513, 1, 99, 41489, 289.28
2026/08/20 18:23:51.513, 1, 99, 41489, 289.84
2026/08/20 18:23:53.514, 1, 100, 41489, 291.89
2026/08/20 18:23:55.514, 1, 99, 41489, 288.92
2026/08/20 18:23:57.515, 1, 99, 41489, 288.89
2026/08/20 18:23:59.516, 1, 100, 41489, 290.80
2026/08/20 18:24:01.516, 1, 100, 41489, 291.92
2026/08/20 18:24:03.516, 1, 99, 41489, 290.70
2026/08/20 18:24:05.517, 1, 100, 41489, 292.01
2026/08/20 18:24:07.517, 1, 100, 41489, 292.79
2026/08/20 18:24:09.518, 1, 98, 41489, 246.64
2026/08/20 18:24:11.518, 1, 100, 41489, 291.73
2026/08/20 18:24:13.519, 1, 100, 41489, 294.18
2026/08/20 18:24:15.519, 1, 99, 41489, 287.61
2026/08/20 18:24:17.520, 1, 99, 41489, 289.76
2026/08/20 18:24:19.520, 1, 100, 41489, 292.74
2026/08/20 18:24:21.521, 1, 99, 41489, 289.80
2026/08/20 18:24:23.521, 1, 99, 41489, 288.18
2026/08/20 18:24:25.522, 1, 100, 41489, 289.60
2026/08/20 18:24:27.522, 1, 100, 41489, 291.37
2026/08/20 18:24:29.523, 1, 99, 41489, 290.46
2026/08/20 18:24:31.523, 1, 100, 41489, 290.02
2026/08/20 18:24:33.524, 1, 100, 41489, 294.82
2026/08/20 18:24:35.524, 1, 99, 41489, 289.42
2026/08/20 18:24:37.524, 1, 100, 41489, 289.94
2026/08/20 18:24:39.525, 1, 100, 41489, 292.34
2026/08/20 18:24:41.525, 1, 99, 41489, 288.35
2026/08/20 18:24:43.526, 1, 100, 41489, 291.04
2026/08/20 18:24:45.526, 1, 100, 41489, 292.09
2026/08/20 18:24:47.527, 1, 99, 41489, 290.28
2026/08/20 18:24:49.527, 1, 99, 41489, 290.09
2026/08/20 18:24:51.528, 1, 100, 41489, 291.20
2026/08/20 18:24:53.528, 1, 99, 41489, 289.33
2026/08/20 18:24:55.529, 1, 99, 41489, 289.26
2026/08/20 18:24:57.529, 1, 100, 41489, 290.06
2026/08/20 18:24:59.529, 1, 99, 41489, 290.64
2026/08/20 18:25:01.530, 1, 99, 41489, 289.34
2026/08/20 18:25:03.530, 1, 100, 41489, 247.09
2026/08/20 18:25:05.531, 1, 99, 41489, 288.93
2026/08/20 18:25:07.531, 1, 99, 41489, 289.39
2026/08/20 18:25:09.532, 1, 100, 41489, 289.54
2026/08/20 18:25:11.532, 1, 100, 41489, 290.11
2026/08/20 18:25:13.533, 1, 99, 41489, 290.75
2026/08/20 18:25:15.533, 1, 100, 41489, 291.38
2026/08/20 18:25:17.534, 1, 100, 41489, 293.42
2026/08/20 18:25:19.534, 1, 99, 41489, 290.59
2026/08/20 18:25:21.535, 1, 100, 41489, 290.21
2026/08/20 18:25:23.535, 1, 100, 41489, 292.32
2026/08/20 18:25:25.535, 1, 99, 41489, 289.07
2026/08/20 18:25:27.536, 1, 99, 41489, 289.63
2026/08/20 18:25:29.536, 1, 100, 41489, 291.82
2026/08/20 18:25:31.537, 1, 99, 41489, 287.29
2026/08/20 18:25:33.537, 1, 99, 41489, 289.80
2026/08/20 18:25:35.538, 1, 100, 41489, 292.43
2026/08/20 18:25:37.538, 1, 99, 41489, 289.86
2026/08/20 18:25:39.539, 1, 99, 41489, 289.42
2026/08/20 18:25:41.539, 1, 100, 41489, 291.11
2026/08/20 18:25:43.540, 1, 100, 41489, 290.45
2026/08/20 18:25:45.540, 1, 99, 41489, 288.68
2026/08/20 18:25:47.540, 1, 99, 41489, 290.93
2026/08/20 18:25:49.541, 1, 100, 41489, 293.18
2026/08/20 18:25:51.541, 1, 99, 41489, 289.99
2026/08/20 18:25:53.542, 1, 100, 41489, 291.69
2026/08/20 18:25:55.542, 1, 100, 41489, 291.62
2026/08/20 18:25:57.543, 1, 98, 41489, 244.03
2026/08/20 18:25:59.543, 1, 100, 41489, 290.43
2026/08/20 18:26:01.544, 1, 100, 41489, 292.43
2026/08/20 18:26:03.544, 1, 99, 41489, 290.20
2026/08/20 18:26:05.545, 1, 99, 41489, 291.58
2026/08/20 18:26:07.545, 1, 100, 41489, 290.85
2026/08/20 18:26:09.546, 1, 99, 41489, 288.89
2026/08/20 18:26:11.546, 1, 99, 41489, 288.57
2026/08/20 18:26:13.546, 1, 100, 41489, 291.81
2026/08/20 18:26:15.547, 1, 99, 41489, 289.08
2026/08/20 18:26:17.547, 1, 99, 41489, 288.68
2026/08/20 18:26:19.548, 1, 100, 41489, 290.41
2026/08/20 18:26:21.548, 1, 100, 41489, 290.87
2026/08/20 18:26:23.549, 1, 99, 41489, 287.97
2026/08/20 18:26:25.549, 1, 100, 41489, 289.73
2026/08/20 18:26:27.550, 1, 100, 41489, 291.67
2026/08/20 18:26:29.550, 1, 99, 41489, 290.02
2026/08/20 18:26:31.551, 1, 100, 41489, 291.89
2026/08/20 18:26:33.551, 1, 100, 41489, 290.17
2026/08/20 18:26:35.552, 1, 99, 41489, 292.33
2026/08/20 18:26:37.552, 1, 100, 41489, 289.92
2026/08/20 18:26:39.553, 1, 100, 41489, 291.73
2026/08/20 18:26:41.553, 1, 100, 41489, 293.29
2026/08/20 18:26:43.553, 1, 99, 41489, 290.64
2026/08/20 18:26:45.554, 1, 99, 41489, 290.36
2026/08/20 18:26:47.555, 1, 100, 41489, 290.43
2026/08/20 18:26:49.555, 1, 99, 41489, 289.14
2026/08/20 18:26:51.555, 1, 99, 41489, 244.68
2026/08/20 18:26:53.556, 1, 100, 41489, 292.49
2026/08/20 18:26:55.556, 1, 99, 41489, 289.76
2026/08/20 18:26:57.557, 1, 99, 41489, 289.28
2026/08/20 18:26:59.557, 1, 99, 41489, 290.50
2026/08/20 18:27:01.558, 1, 100, 41489, 292.43
2026/08/20 18:27:03.558, 1, 98, 41489, 291.04
2026/08/20 18:27:05.559, 1, 100, 41489, 290.87
2026/08/20 18:27:07.559, 1, 100, 41489, 291.49
2026/08/20 18:27:09.560, 1, 98, 41489, 288.51
2026/08/20 18:27:11.560, 1, 100, 41489, 289.78
2026/08/20 18:27:13.560, 1, 100, 41489, 292.83
2026/08/20 18:27:15.561, 1, 99, 41489, 289.78
2026/08/20 18:27:17.561, 1, 32, 41489, 250.64
2026/08/20 18:27:19.562, 1, 100, 41489, 293.32
2026/08/20 18:27:21.562, 1, 99, 41489, 288.01
2026/08/20 18:27:23.563, 1, 99, 41489, 288.59
2026/08/20 18:27:25.563, 1, 100, 41489, 290.62
2026/08/20 18:27:27.564, 1, 99, 41489, 288.30
2026/08/20 18:27:29.564, 1, 99, 41489, 288.29
2026/08/20 18:27:31.565, 1, 100, 41489, 289.65
2026/08/20 18:27:33.565, 1, 100, 41489, 291.95
2026/08/20 18:27:35.566, 1, 99, 41489, 290.50
2026/08/20 18:27:37.566, 1, 100, 41489, 291.92
2026/08/20 18:27:39.567, 1, 100, 41489, 293.32
2026/08/20 18:27:41.567, 1, 99, 41489, 290.56
2026/08/20 18:27:43.568, 1, 98, 41489, 291.45
2026/08/20 18:27:45.568, 1, 100, 41489, 292.78
2026/08/20 18:27:47.569, 1, 99, 41489, 287.22
2026/08/20 18:27:49.569, 1, 99, 41489, 289.55
2026/08/20 18:27:51.570, 1, 100, 41489, 290.25
2026/08/20 18:27:53.570, 1, 99, 41489, 289.79
2026/08/20 18:27:55.571, 1, 99, 41489, 288.98
2026/08/20 18:27:57.572, 1, 100, 41489, 291.37
2026/08/20 18:27:59.572, 1, 100, 41489, 293.22
2026/08/20 18:28:01.572, 1, 99, 41489, 291.13
2026/08/20 18:28:03.573, 1, 100, 41489, 292.20
2026/08/20 18:28:05.573, 1, 100, 41489, 292.15
2026/08/20 18:28:07.574, 1, 99, 41489, 288.65
2026/08/20 18:28:09.574, 1, 99, 41489, 289.65
2026/08/20 18:28:11.575, 1, 100, 41489, 242.03
2026/08/20 18:28:13.575, 1, 99, 41489, 288.65
2026/08/20 18:28:15.576, 1, 99, 41489, 288.47
2026/08/20 18:28:17.577, 1, 100, 41489, 290.18
2026/08/20 18:28:19.577, 1, 99, 41489, 289.61
2026/08/20 18:28:21.577, 1, 99, 41489, 289.79
2026/08/20 18:28:23.578, 1, 100, 41489, 291.25
2026/08/20 18:28:25.578, 1, 100, 41489, 291.76
2026/08/20 18:28:27.579, 1, 99, 41489, 289.24
2026/08/20 18:28:29.579, 1, 100, 41489, 291.98
2026/08/20 18:28:31.580, 1, 100, 41489, 292.32
2026/08/20 18:28:33.580, 1, 99, 41489, 289.05
2026/08/20 18:28:35.581, 1, 100, 41489, 289.85
2026/08/20 18:28:37.581, 1, 100, 41489, 292.67
2026/08/20 18:28:39.581, 1, 99, 41489, 289.70
2026/08/20 18:28:41.582, 1, 99, 41489, 289.64
2026/08/20 18:28:43.582, 1, 100, 41489, 291.52
2026/08/20 18:28:45.583, 1, 100, 41489, 290.53
2026/08/20 18:28:47.583, 1, 99, 41489, 290.68
2026/08/20 18:28:49.584, 1, 100, 41489, 291.52
2026/08/20 18:28:51.584, 1, 100, 41489, 293.74
2026/08/20 18:28:53.585, 1, 99, 41489, 288.99
2026/08/20 18:28:55.586, 1, 99, 41489, 291.62
2026/08/20 18:28:57.586, 1, 100, 41489, 291.79
2026/08/20 18:28:59.587, 1, 99, 41489, 287.42
2026/08/20 18:29:01.587, 1, 99, 41489, 289.67
2026/08/20 18:29:03.588, 1, 100, 41489, 292.15
2026/08/20 18:29:05.588, 1, 98, 41489, 225.51
2026/08/20 18:29:07.588, 1, 100, 41489, 292.35
2026/08/20 18:29:09.589, 1, 99, 41489, 290.87
2026/08/20 18:29:11.590, 1, 99, 41489, 288.53
2026/08/20 18:29:13.590, 1, 100, 41489, 290.73
2026/08/20 18:29:15.591, 1, 100, 41489, 293.33
2026/08/20 18:29:17.591, 1, 99, 41489, 288.24
2026/08/20 18:29:19.591, 1, 100, 41489, 291.49
2026/08/20 18:29:21.592, 1, 100, 41489, 291.36
2026/08/20 18:29:23.592, 1, 99, 41489, 287.42
2026/08/20 18:29:25.593, 1, 99, 41489, 289.93
2026/08/20 18:29:27.593, 1, 100, 41489, 291.78
2026/08/20 18:29:29.594, 1, 99, 41489, 293.25
2026/08/20 18:29:31.594, 1, 98, 41489, 289.70
2026/08/20 18:29:33.595, 1, 100, 41489, 289.02
2026/08/20 18:29:35.595, 1, 100, 41489, 290.66
2026/08/20 18:29:37.596, 1, 99, 41489, 289.30
2026/08/20 18:29:39.596, 1, 99, 41489, 289.76
2026/08/20 18:29:41.597, 1, 100, 41489, 291.10
2026/08/20 18:29:43.597, 1, 100, 41489, 291.59
2026/08/20 18:29:45.598, 1, 99, 41489, 290.10
2026/08/20 18:29:47.598, 1, 100, 41489, 290.10
2026/08/20 18:29:49.599, 1, 100, 41489, 292.07
2026/08/20 18:29:51.599, 1, 99, 41489, 288.41
2026/08/20 18:29:53.600, 1, 100, 41489, 291.89
2026/08/20 18:29:55.601, 1, 100, 41489, 291.67
2026/08/20 18:29:57.601, 1, 99, 41489, 287.62
2026/08/20 18:29:59.602, 1, 100, 41489, 248.44
2026/08/20 18:30:01.602, 1, 100, 41489, 291.44
2026/08/20 18:30:03.602, 1, 99, 41489, 287.43
2026/08/20 18:30:05.603, 1, 99, 41489, 288.15
2026/08/20 18:30:07.603, 1, 100, 41489, 290.77
2026/08/20 18:30:09.604, 1, 99, 41489, 289.99
2026/08/20 18:30:11.604, 1, 99, 41489, 289.26
2026/08/20 18:30:13.605, 1, 100, 41489, 289.43
2026/08/20 18:30:15.605, 1, 100, 41489, 291.04
2026/08/20 18:30:17.606, 1, 99, 41489, 290.08
2026/08/20 18:30:19.606, 1, 100, 41489, 289.89
2026/08/20 18:30:21.607, 1, 100, 41489, 292.26
2026/08/20 18:30:23.607, 1, 99, 41489, 291.41
2026/08/20 18:30:25.608, 1, 0, 41489, 261.74
2026/08/20 18:30:27.608, 1, 100, 41489, 291.11
2026/08/20 18:30:29.608, 1, 99, 41489, 289.26
2026/08/20 18:30:31.609, 1, 100, 41489, 289.87
2026/08/20 18:30:33.609, 1, 100, 41489, 293.75
2026/08/20 18:30:35.610, 1, 99, 41489, 289.16
2026/08/20 18:30:37.610, 1, 100, 41489, 291.65
2026/08/20 18:30:39.611, 1, 100, 41489, 291.90
2026/08/20 18:30:41.611, 1, 99, 41489, 288.96
2026/08/20 18:30:43.612, 1, 99, 41489, 290.02
2026/08/20 18:30:45.612, 1, 100, 41489, 292.33
2026/08/20 18:30:47.613, 1, 99, 41489, 288.38
2026/08/20 18:30:49.613, 1, 99, 41489, 287.20
2026/08/20 18:30:51.614, 1, 100, 41489, 290.25
2026/08/20 18:30:53.614, 1, 99, 41489, 270.79
2026/08/20 18:30:55.614, 1, 99, 41489, 288.57
2026/08/20 18:30:57.615, 1, 100, 41489, 291.07
2026/08/20 18:30:59.615, 1, 99, 41489, 288.56
2026/08/20 18:31:01.616, 1, 99, 41489, 288.84
2026/08/20 18:31:03.616, 1, 100, 41489, 289.07
2026/08/20 18:31:05.617, 1, 100, 41489, 290.67
2026/08/20 18:31:07.617, 1, 99, 41489, 290.91
2026/08/20 18:31:09.618, 1, 100, 41489, 292.25
2026/08/20 18:31:11.618, 1, 100, 41489, 292.79
2026/08/20 18:31:13.619, 1, 99, 41489, 289.83
2026/08/20 18:31:15.619, 1, 99, 41489, 291.60
2026/08/20 18:31:17.620, 1, 100, 41489, 292.46
2026/08/20 18:31:19.620, 1, 98, 41489, 238.17
2026/08/20 18:31:21.620, 1, 100, 41489, 290.51
2026/08/20 18:31:23.621, 1, 100, 41489, 292.68
2026/08/20 18:31:25.621, 1, 99, 41489, 289.86
2026/08/20 18:31:27.622, 1, 99, 41489, 289.48
2026/08/20 18:31:29.622, 1, 100, 41489, 291.42
2026/08/20 18:31:31.623, 1, 100, 41489, 291.99
2026/08/20 18:31:33.623, 1, 99, 41489, 290.42
2026/08/20 18:31:35.624, 1, 100, 41489, 291.45
2026/08/20 18:31:37.624, 1, 100, 41489, 292.83
2026/08/20 18:31:39.625, 1, 99, 41489, 289.23
2026/08/20 18:31:41.625, 1, 100, 41489, 291.70
2026/08/20 18:31:43.626, 1, 100, 41489, 292.50
2026/08/20 18:31:45.626, 1, 99, 41489, 288.55
2026/08/20 18:31:47.627, 1, 100, 41489, 291.40
2026/08/20 18:31:49.628, 1, 100, 41489, 292.47
2026/08/20 18:31:51.628, 1, 99, 41489, 288.01
2026/08/20 18:31:53.629, 1, 99, 41489, 289.98
2026/08/20 18:31:55.629, 1, 100, 41489, 292.52
2026/08/20 18:31:57.630, 1, 99, 41489, 289.37
2026/08/20 18:31:59.630, 1, 99, 41489, 289.29
2026/08/20 18:32:01.630, 1, 100, 41489, 290.08
2026/08/20 18:32:03.631, 1, 100, 41489, 290.32
2026/08/20 18:32:05.631, 1, 99, 41489, 289.04
2026/08/20 18:32:07.632, 1, 100, 41489, 291.13
2026/08/20 18:32:09.632, 1, 100, 41489, 293.20
2026/08/20 18:32:11.633, 1, 99, 41489, 291.19
2026/08/20 18:32:13.633, 1, 100, 41489, 239.87
2026/08/20 18:32:15.634, 1, 100, 41489, 291.03
2026/08/20 18:32:17.634, 1, 99, 41489, 290.94
2026/08/20 18:32:19.635, 1, 100, 41489, 289.39
2026/08/20 18:32:21.635, 1, 100, 41489, 291.24
2026/08/20 18:32:23.636, 1, 98, 41489, 293.96
2026/08/20 18:32:25.636, 1, 98, 41489, 290.86
2026/08/20 18:32:27.637, 1, 100, 41489, 290.71
2026/08/20 18:32:29.637, 1, 100, 41489, 292.75
2026/08/20 18:32:31.638, 1, 98, 41489, 289.97
2026/08/20 18:32:33.638, 1, 100, 41489, 291.01
2026/08/20 18:32:35.639, 1, 100, 41489, 292.11
2026/08/20 18:32:37.639, 1, 99, 41489, 288.81
2026/08/20 18:32:39.639, 1, 98, 41489, 289.04
2026/08/20 18:32:41.640, 1, 100, 41489, 291.73
2026/08/20 18:32:43.640, 1, 99, 41489, 290.42
2026/08/20 18:32:45.641, 1, 99, 41489, 288.93
2026/08/20 18:32:47.642, 1, 100, 41489, 292.87
2026/08/20 18:32:49.642, 1, 99, 41489, 290.07
2026/08/20 18:32:51.642, 1, 99, 41489, 288.99
2026/08/20 18:32:53.643, 1, 100, 41489, 289.93
2026/08/20 18:32:55.643, 1, 100, 41489, 292.05
2026/08/20 18:32:57.644, 1, 99, 41489, 289.20
2026/08/20 18:32:59.644, 1, 100, 41489, 291.73
2026/08/20 18:33:01.645, 1, 100, 41489, 294.48
2026/08/20 18:33:03.645, 1, 99, 41489, 288.38
2026/08/20 18:33:05.646, 1, 100, 41489, 290.30
2026/08/20 18:33:07.646, 1, 100, 41489, 239.40
2026/08/20 18:33:09.647, 1, 99, 41489, 289.01
2026/08/20 18:33:11.647, 1, 100, 41489, 291.49
2026/08/20 18:33:13.648, 1, 100, 41489, 294.14
2026/08/20 18:33:15.648, 1, 99, 41489, 290.40
2026/08/20 18:33:17.649, 1, 100, 41489, 290.74
2026/08/20 18:33:19.649, 1, 100, 41489, 292.08
2026/08/20 18:33:21.650, 1, 99, 41489, 289.00
2026/08/20 18:33:23.650, 1, 99, 41489, 288.25
2026/08/20 18:33:25.651, 1, 100, 41489, 291.04
2026/08/20 18:33:27.651, 1, 99, 41489, 288.31
2026/08/20 18:33:29.652, 1, 99, 41489, 289.48
2026/08/20 18:33:31.652, 1, 100, 41489, 290.91
2026/08/20 18:33:33.653, 1, 38, 41489, 290.60
2026/08/20 18:33:35.653, 1, 99, 41489, 289.37
2026/08/20 18:33:37.654, 1, 100, 41489, 290.71
2026/08/20 18:33:39.654, 1, 99, 41489, 290.28
2026/08/20 18:33:41.655, 1, 99, 41489, 289.65
2026/08/20 18:33:43.655, 1, 100, 41489, 290.53
2026/08/20 18:33:45.655, 1, 100, 41489, 291.10
2026/08/20 18:33:47.656, 1, 99, 41489, 288.90
2026/08/20 18:33:49.656, 1, 100, 41489, 291.79
2026/08/20 18:33:51.657, 1, 100, 41489, 293.30
2026/08/20 18:33:53.657, 1, 98, 41489, 289.45
2026/08/20 18:33:55.658, 1, 100, 41489, 292.10
2026/08/20 18:33:57.658, 1, 100, 41489, 292.88
2026/08/20 18:33:59.659, 1, 99, 41489, 288.76
2026/08/20 18:34:01.659, 1, 100, 41489, 243.60
2026/08/20 18:34:03.660, 1, 100, 41489, 293.80
2026/08/20 18:34:05.660, 1, 99, 41489, 290.21
2026/08/20 18:34:07.661, 1, 99, 41489, 291.29
2026/08/20 18:34:09.661, 1, 100, 41489, 292.77
2026/08/20 18:34:11.662, 1, 99, 41489, 288.38
2026/08/20 18:34:13.662, 1, 99, 41489, 289.42
2026/08/20 18:34:15.663, 1, 100, 41489, 291.14
2026/08/20 18:34:17.663, 1, 100, 41489, 292.04
2026/08/20 18:34:19.664, 1, 99, 41489, 289.93
2026/08/20 18:34:21.665, 1, 100, 41489, 290.39
2026/08/20 18:34:23.665, 1, 100, 41489, 292.97
2026/08/20 18:34:25.666, 1, 99, 41489, 290.70
2026/08/20 18:34:27.666, 1, 12, 41489, 261.81
2026/08/20 18:34:29.667, 1, 100, 41489, 292.79
2026/08/20 18:34:31.667, 1, 99, 41489, 289.00
2026/08/20 18:34:33.668, 1, 100, 41489, 292.94
2026/08/20 18:34:35.668, 1, 100, 41489, 293.14
2026/08/20 18:34:37.669, 1, 99, 41489, 288.78
2026/08/20 18:34:39.669, 1, 99, 41489, 290.02
2026/08/20 18:34:41.670, 1, 100, 41489, 292.59
2026/08/20 18:34:43.671, 1, 100, 41489, 292.28
2026/08/20 18:34:45.671, 1, 99, 41489, 289.15
2026/08/20 18:34:47.672, 1, 100, 41489, 289.83
2026/08/20 18:34:49.672, 1, 100, 41489, 292.91
2026/08/20 18:34:51.673, 1, 99, 41489, 290.96
2026/08/20 18:34:53.673, 1, 99, 41489, 292.34
2026/08/20 18:34:55.674, 1, 100, 41489, 279.93
2026/08/20 18:34:57.674, 1, 99, 41489, 291.72
2026/08/20 18:34:59.674, 1, 100, 41489, 291.98
2026/08/20 18:35:01.675, 1, 100, 41489, 292.90
2026/08/20 18:35:03.675, 1, 99, 41489, 290.00
2026/08/20 18:35:05.676, 1, 99, 41489, 288.70
2026/08/20 18:35:07.676, 1, 100, 41489, 292.77
2026/08/20 18:35:09.677, 1, 99, 41489, 289.59
2026/08/20 18:35:11.677, 1, 99, 41489, 289.52
2026/08/20 18:35:13.678, 1, 100, 41489, 288.69
2026/08/20 18:35:15.678, 1, 100, 41489, 290.19
2026/08/20 18:35:17.679, 1, 99, 41489, 289.19
2026/08/20 18:35:19.679, 1, 100, 41489, 288.54
2026/08/20 18:35:21.680, 1, 100, 41489, 246.03
2026/08/20 18:35:23.681, 1, 99, 41489, 290.57
2026/08/20 18:35:25.681, 1, 99, 41489, 289.67
2026/08/20 18:35:27.681, 1, 100, 41489, 291.06
2026/08/20 18:35:29.682, 1, 100, 41489, 292.72
2026/08/20 18:35:31.682, 1, 98, 41489, 289.35
2026/08/20 18:35:33.683, 1, 100, 41489, 289.35
2026/08/20 18:35:35.683, 1, 100, 41489, 290.51
2026/08/20 18:35:37.684, 1, 99, 41489, 288.67
2026/08/20 18:35:39.684, 1, 99, 41489, 287.58
2026/08/20 18:35:41.685, 1, 100, 41489, 289.79
2026/08/20 18:35:43.685, 1, 100, 41489, 291.80
2026/08/20 18:35:45.685, 1, 99, 41489, 289.13
2026/08/20 18:35:47.686, 1, 99, 41489, 289.94
2026/08/20 18:35:49.686, 1, 100, 41489, 292.93
2026/08/20 18:35:51.687, 1, 99, 41489, 288.24
2026/08/20 18:35:53.687, 1, 99, 41489, 289.43
2026/08/20 18:35:55.688, 1, 100, 41489, 292.14
2026/08/20 18:35:57.688, 1, 100, 41489, 290.12
2026/08/20 18:35:59.689, 1, 99, 41489, 291.48
2026/08/20 18:36:01.689, 1, 100, 41489, 291.20
2026/08/20 18:36:03.690, 1, 100, 41489, 292.82
2026/08/20 18:36:05.690, 1, 99, 41489, 287.95
2026/08/20 18:36:07.691, 1, 99, 41489, 289.55
2026/08/20 18:36:09.691, 1, 100, 41489, 289.77
2026/08/20 18:36:11.692, 1, 99, 41489, 289.18
2026/08/20 18:36:13.692, 1, 99, 41489, 288.81
2026/08/20 18:36:15.693, 1, 100, 41489, 243.96
2026/08/20 18:36:17.693, 1, 100, 41489, 290.96
2026/08/20 18:36:19.694, 1, 99, 41489, 288.93
2026/08/20 18:36:21.694, 1, 100, 41489, 290.17
2026/08/20 18:36:23.694, 1, 100, 41489, 290.87
2026/08/20 18:36:25.695, 1, 99, 41489, 288.06
2026/08/20 18:36:27.695, 1, 99, 41489, 289.35
2026/08/20 18:36:29.696, 1, 100, 41489, 290.26
2026/08/20 18:36:31.696, 1, 99, 41489, 290.86
2026/08/20 18:36:33.697, 1, 99, 41489, 290.74
2026/08/20 18:36:35.697, 1, 100, 41489, 290.39
2026/08/20 18:36:37.698, 1, 100, 41489, 291.58
2026/08/20 18:36:39.698, 1, 99, 41489, 289.32
2026/08/20 18:36:41.699, 1, 13, 41489, 258.65
2026/08/20 18:36:43.699, 1, 100, 41489, 292.38
2026/08/20 18:36:45.700, 1, 98, 41489, 289.45
2026/08/20 18:36:47.700, 1, 100, 41489, 290.35
2026/08/20 18:36:49.701, 1, 100, 41489, 291.91
2026/08/20 18:36:51.701, 1, 99, 41489, 288.57
2026/08/20 18:36:53.702, 1, 99, 41489, 288.52
2026/08/20 18:36:55.702, 1, 100, 41489, 290.17
2026/08/20 18:36:57.703, 1, 99, 41489, 291.18
2026/08/20 18:36:59.703, 1, 99, 41489, 290.18
2026/08/20 18:37:01.704, 1, 100, 41489, 290.42
2026/08/20 18:37:03.704, 1, 100, 41489, 293.17
2026/08/20 18:37:05.705, 1, 99, 41489, 288.92
2026/08/20 18:37:07.705, 1, 99, 41489, 292.17
2026/08/20 18:37:09.706, 1, 100, 41489, 289.78
2026/08/20 18:37:11.706, 1, 98, 41489, 288.70
2026/08/20 18:37:13.707, 1, 100, 41489, 289.90
2026/08/20 18:37:15.707, 1, 100, 41489, 291.61
2026/08/20 18:37:17.707, 1, 99, 41489, 288.56
2026/08/20 18:37:19.708, 1, 99, 41489, 289.13
2026/08/20 18:37:21.708, 1, 100, 41489, 290.53
2026/08/20 18:37:23.709, 1, 100, 41489, 292.16
2026/08/20 18:37:25.710, 1, 99, 41489, 289.24
2026/08/20 18:37:27.710, 1, 100, 41489, 291.46
2026/08/20 18:37:29.710, 1, 100, 41489, 293.78
2026/08/20 18:37:31.711, 1, 98, 41489, 290.51
2026/08/20 18:37:33.712, 1, 99, 41489, 291.46
2026/08/20 18:37:35.712, 1, 100, 41489, 250.49
2026/08/20 18:37:37.713, 1, 99, 41489, 289.07
2026/08/20 18:37:39.713, 1, 99, 41489, 288.98
2026/08/20 18:37:41.713, 1, 100, 41489, 290.87
2026/08/20 18:37:43.714, 1, 99, 41489, 289.66
2026/08/20 18:37:45.714, 1, 99, 41489, 289.31
2026/08/20 18:37:47.715, 1, 100, 41489, 289.87
2026/08/20 18:37:49.715, 1, 100, 41489, 290.10
2026/08/20 18:37:51.716, 1, 99, 41489, 288.59
2026/08/20 18:37:53.716, 1, 100, 41489, 290.31
2026/08/20 18:37:55.717, 1, 100, 41489, 292.34
2026/08/20 18:37:57.717, 1, 99, 41489, 289.50
2026/08/20 18:37:59.717, 1, 100, 41489, 292.73
2026/08/20 18:38:01.718, 1, 100, 41489, 293.17
2026/08/20 18:38:03.719, 1, 99, 41489, 289.23
2026/08/20 18:38:05.719, 1, 100, 41489, 291.30
2026/08/20 18:38:07.720, 1, 100, 41489, 291.02
2026/08/20 18:38:09.720, 1, 99, 41489, 292.14
2026/08/20 18:38:11.721, 1, 100, 41489, 290.10
2026/08/20 18:38:13.721, 1, 100, 41489, 291.31
2026/08/20 18:38:15.721, 1, 100, 41489, 293.68
2026/08/20 18:38:17.722, 1, 98, 41489, 289.45
2026/08/20 18:38:19.723, 1, 99, 41489, 291.10
2026/08/20 18:38:21.723, 1, 100, 41489, 292.27
2026/08/20 18:38:23.723, 1, 99, 41489, 287.92
2026/08/20 18:38:25.724, 1, 99, 41489, 289.66
2026/08/20 18:38:27.724, 1, 100, 41489, 292.88
2026/08/20 18:38:29.725, 1, 99, 41489, 247.87
2026/08/20 18:38:31.725, 1, 99, 41489, 289.55
2026/08/20 18:38:33.726, 1, 100, 41489, 291.18
2026/08/20 18:38:35.726, 1, 99, 41489, 289.66
2026/08/20 18:38:37.727, 1, 99, 41489, 289.65
2026/08/20 18:38:39.727, 1, 100, 41489, 290.82
2026/08/20 18:38:41.728, 1, 99, 41489, 289.50
2026/08/20 18:38:43.728, 1, 99, 41489, 289.53
2026/08/20 18:38:45.728, 1, 100, 41489, 289.25
2026/08/20 18:38:47.729, 1, 100, 41489, 288.95
2026/08/20 18:38:49.729, 1, 99, 41489, 289.06
2026/08/20 18:38:51.730, 1, 100, 41489, 291.46
2026/08/20 18:38:53.730, 1, 100, 41489, 291.70
2026/08/20 18:38:55.731, 1, 99, 41489, 290.08
2026/08/20 18:38:57.731, 1, 100, 41489, 290.45
2026/08/20 18:38:59.732, 1, 100, 41489, 292.14
2026/08/20 18:39:01.732, 1, 99, 41489, 288.96
2026/08/20 18:39:03.733, 1, 100, 41489, 291.62
2026/08/20 18:39:05.733, 1, 100, 41489, 293.10
2026/08/20 18:39:07.734, 1, 98, 41489, 290.71
2026/08/20 18:39:09.734, 1, 100, 41489, 290.85
2026/08/20 18:39:11.735, 1, 100, 41489, 292.80
2026/08/20 18:39:13.735, 1, 99, 41489, 289.05
2026/08/20 18:39:15.736, 1, 99, 41489, 288.24
2026/08/20 18:39:17.736, 1, 100, 41489, 291.77
2026/08/20 18:39:19.737, 1, 99, 41489, 289.24
2026/08/20 18:39:21.737, 1, 99, 41489, 288.81
2026/08/20 18:39:23.737, 1, 100, 41489, 250.39
2026/08/20 18:39:25.738, 1, 99, 41489, 288.55
2026/08/20 18:39:27.738, 1, 99, 41489, 288.65
2026/08/20 18:39:29.739, 1, 100, 41489, 290.15
2026/08/20 18:39:31.739, 1, 99, 41489, 289.09
2026/08/20 18:39:33.740, 1, 99, 41489, 289.64
2026/08/20 18:39:35.740, 1, 100, 41489, 291.35
2026/08/20 18:39:37.741, 1, 100, 41489, 290.41
2026/08/20 18:39:39.741, 1, 99, 41489, 291.40
2026/08/20 18:39:41.741, 1, 100, 41489, 291.56
2026/08/20 18:39:43.742, 1, 100, 41489, 293.03
2026/08/20 18:39:45.742, 1, 98, 41489, 289.48
2026/08/20 18:39:47.743, 1, 100, 41489, 292.25
2026/08/20 18:39:49.743, 1, 0, 41489, 282.78
2026/08/20 18:39:51.744, 1, 0, 41489, 199.73
