epoch,step,data_path_mode,coord_batch_mode,index_sampling_mode,sampling_device,field_read_mode,field_normalization_mode,gpu_transfer_mode,data_path_diag_storage_mode,batch_size,N_full,N_query,N_obs_total,loader_wait_ms,index_sampling_ms,hdf5_read_ms,cpu_normalization_ms,cpu_materialization_ms,h2d_ms,sparse_condition_materialization_ms,query_materialization_ms,pre_model_total_ms,model_forward_ms,backward_ms,query_microbatch_active,train_query_microbatch_size,rf_bridge_ms,condition_context_ms,query_chunk_forward_ms,query_chunk_backward_ms,query_microbatches,optimizer_ms,total_training_step_ms,allocated_after_materialization_mb,allocated_before_model_mb,gpu_peak_allocated_mb,gpu_peak_reserved_mb
1,5,optimized,shared_mesh,scalable,cpu,legacy_full_snapshot,selected_after_full_read,selected_only,append,64,40300,4096,18089,0.4115113988518715,78.62767111510038,18.782910890877247,27.986759319901466,6.211243569850922,0.5964562296867371,0.0,0.0,132.20504112541676,54.85185608267784,74.85281862318516,0,0,0.0,0.0,0.0,0.0,1,1.4021601527929306,193.35250742733479,53.3974609375,46.54150390625,12429.65283203125,14790.0
1,55,optimized,shared_mesh,scalable,cpu,legacy_full_snapshot,selected_after_full_read,selected_only,append,64,40300,4096,18401,0.4011765122413635,34.44049879908562,16.954981721937656,26.17337740957737,6.160115823149681,0.6503742188215256,0.0,0.0,84.37934797257185,55.44579867273569,76.62570476531982,0,0,0.0,0.0,0.0,0.0,1,1.6739871352910995,181.57257791608572,53.3974609375,46.54150390625,12429.65283203125,14790.0
1,105,optimized,shared_mesh,scalable,cpu,legacy_full_snapshot,selected_after_full_read,selected_only,append,64,40300,4096,18045,0.37407781928777695,37.28169668465853,17.986418679356575,27.215702459216118,6.5224627032876015,0.5931034684181213,0.0,0.0,89.59938399493694,55.278174579143524,76.86065416783094,0,0,0.0,0.0,0.0,0.0,1,1.3144370168447495,191.33824855089188,53.3974609375,46.54150390625,12429.65283203125,14790.0
1,5,optimized,shared_mesh,scalable,cpu,legacy_full_snapshot,selected_after_full_read,selected_only,append,64,40300,4096,18420,0.9453892707824707,41.948857717216015,35.9108317643404,42.48720407485962,13.566775247454643,0.6294213235378265,0.0,0.0,134.5430901274085,55.213361978530884,0.0,0,0,0.0,0.0,0.0,0.0,1,0.0,58.02047532051802,53.3974609375,53.3974609375,4920.5859375,14790.0
2,5,optimized,shared_mesh,scalable,cpu,legacy_full_snapshot,selected_after_full_read,selected_only,append,64,40300,4096,18669,0.41709933429956436,38.17009273916483,17.18518603593111,27.47524343430996,5.893593654036522,0.6026020273566246,0.0,0.0,89.32671789079905,55.83719536662102,76.68129820376635,0,0,0.0,0.0,0.0,0.0,1,1.5493882820010185,194.62084863334894,53.3974609375,46.54150390625,12429.65283203125,14790.0
2,55,optimized,shared_mesh,scalable,cpu,legacy_full_snapshot,selected_after_full_read,selected_only,append,64,40300,4096,18749,0.32937806099653244,34.87939015030861,16.997450031340122,26.398825459182262,6.23023696243763,0.6160121411085129,0.0,0.0,85.12191474437714,55.677395313978195,77.98595819622278,0,0,0.0,0.0,0.0,0.0,1,1.4175251126289368,189.73158951848745,53.3974609375,46.54150390625,12429.65283203125,14790.0
2,105,optimized,shared_mesh,scalable,cpu,legacy_full_snapshot,selected_after_full_read,selected_only,append,64,40300,4096,18443,0.3668135032057762,33.97059813141823,16.619745641946793,26.370888575911522,6.0235001146793365,0.6148945540189743,0.0,0.0,83.59962701797485,56.62865191698074,78.83608061820269,0,0,0.0,0.0,0.0,0.0,1,1.4083059504628181,189.32678271085024,53.3974609375,46.54150390625,12429.65283203125,14790.0
3,5,optimized,shared_mesh,scalable,cpu,legacy_full_snapshot,selected_after_full_read,selected_only,append,64,40300,4096,18619,0.4386119544506073,54.68842480331659,33.7940352037549,40.531051345169544,11.207782663404942,0.6115417927503586,0.0,0.0,140.83283580839634,56.41549360007048,79.66944295912981,0,0,0.0,0.0,0.0,0.0,1,1.800541765987873,202.4004776030779,53.3974609375,46.54150390625,12429.65283203125,14790.0
3,55,optimized,shared_mesh,scalable,cpu,legacy_full_snapshot,selected_after_full_read,selected_only,append,64,40300,4096,18230,0.4310682415962219,50.88228266686201,31.784252263605595,34.37037579715252,8.485590107738972,0.61824731528759,0.0,0.0,126.14074815064669,57.75255896151066,81.09479118138552,0,0,0.0,0.0,0.0,0.0,1,1.4594318345189095,203.27993482351303,53.3974609375,46.54150390625,12429.65283203125,14790.0
3,105,optimized,shared_mesh,scalable,cpu,legacy_full_snapshot,selected_after_full_read,selected_only,append,64,40300,4096,19235,0.4293927922844887,49.48990140110254,44.07235234975815,42.997054755687714,12.420246377587318,0.669931061565876,0.0,0.0,149.6494859457016,57.61874094605446,80.81178832799196,0,0,0.0,0.0,0.0,0.0,1,2.454548142850399,204.03507351875305,53.3974609375,46.54150390625,12429.65283203125,14790.0
4,5,optimized,shared_mesh,scalable,cpu,legacy_full_snapshot,selected_after_full_read,selected_only,append,64,40300,4096,18116,0.5850009620189667,46.61937057971954,43.16187836229801,43.77929028123617,12.706609442830086,0.632215291261673,0.0,0.0,146.89936395734549,57.81960766762495,80.79335186630487,0,0,0.0,0.0,0.0,0.0,1,1.438758336007595,206.07559382915497,53.3974609375,46.54150390625,12429.65283203125,14790.0
4,55,optimized,shared_mesh,scalable,cpu,legacy_full_snapshot,selected_after_full_read,selected_only,append,64,40300,4096,18702,0.3408323973417282,33.5551742464304,16.525035724043846,26.645787060260773,6.108991801738739,0.6288625299930573,0.0,0.0,83.46385136246681,57.34691396355629,80.48492670059204,0,0,0.0,0.0,0.0,0.0,1,1.4368025586009026,201.42575446516275,53.3974609375,46.54150390625,12429.65283203125,14790.0
4,105,optimized,shared_mesh,scalable,cpu,legacy_full_snapshot,selected_after_full_read,selected_only,append,64,40300,4096,17658,0.4715779796242714,45.870937407016754,24.080049246549606,30.408629216253757,6.8702735006809235,0.6350092589855194,0.0,0.0,107.86489862948656,57.44022224098444,82.01783057302237,0,0,0.0,0.0,0.0,0.0,1,1.4205975458025932,203.62747181206942,53.3974609375,46.54150390625,12429.65283203125,14790.0
5,5,optimized,shared_mesh,scalable,cpu,legacy_full_snapshot,selected_after_full_read,selected_only,append,64,40300,4096,18464,0.4257615655660629,57.03709181398153,51.21585447341204,44.85655203461647,9.934958070516586,0.5875164642930031,0.0,0.0,163.63197285681963,58.85886587202549,83.30349251627922,0,0,0.0,0.0,0.0,0.0,1,1.5748105943202972,206.333733163774,53.3974609375,46.54150390625,12429.65283203125,14790.0
5,55,optimized,shared_mesh,scalable,cpu,legacy_full_snapshot,selected_after_full_read,selected_only,append,64,40300,4096,19307,0.34949276596307755,44.771614484488964,20.908644422888756,29.39730230718851,6.908266805112362,0.6087478250265121,0.0,0.0,102.5945758447051,58.620563708245754,82.66513235867023,0,0,0.0,0.0,0.0,0.0,1,1.596042886376381,206.22254256159067,53.3974609375,46.54150390625,12429.65283203125,14790.0
5,105,optimized,shared_mesh,scalable,cpu,legacy_full_snapshot,selected_after_full_read,selected_only,append,64,40300,4096,18453,1.4566369354724884,38.39750122278929,16.93459413945675,28.391857631504536,6.493398919701576,0.9822659194469452,0.0,0.0,91.1996178328991,59.12315007299185,83.33422429859638,0,0,0.0,0.0,0.0,0.0,1,3.421449102461338,201.98002457618713,53.3974609375,46.54150390625,12429.65283203125,14790.0
5,5,optimized,shared_mesh,scalable,cpu,legacy_full_snapshot,selected_after_full_read,selected_only,append,64,40300,4096,18569,0.4291124641895294,39.81418814510107,16.15877728909254,26.68069861829281,6.3492655754089355,0.5662841722369194,0.0,0.0,89.56921380013227,59.13041438907385,0.0,0,0,0.0,0.0,0.0,0.0,1,0.0,60.47781743109226,53.3974609375,53.3974609375,4920.5859375,14790.0
6,5,optimized,shared_mesh,scalable,cpu,legacy_full_snapshot,selected_after_full_read,selected_only,append,64,40300,4096,18067,0.3737974911928177,59.2938456684351,33.302344381809235,43.43846254050732,10.377210564911366,0.576619990170002,0.0,0.0,146.98848314583302,57.80480057001114,83.00177473574877,0,0,0.0,0.0,0.0,0.0,1,2.0324187353253365,210.7245959341526,53.3974609375,46.54150390625,12429.65283203125,14790.0
6,55,optimized,shared_mesh,scalable,cpu,legacy_full_snapshot,selected_after_full_read,selected_only,append,64,40300,4096,18583,0.6053950637578964,35.83120461553335,27.90910005569458,35.93932371586561,6.697623059153557,0.631377100944519,0.0,0.0,107.00862854719162,61.300283297896385,87.09510788321495,0,0,0.0,0.0,0.0,0.0,1,1.999453641474247,209.18163377791643,53.3974609375,46.54150390625,12429.65283203125,14790.0
6,105,optimized,shared_mesh,scalable,cpu,legacy_full_snapshot,selected_after_full_read,selected_only,append,64,40300,4096,17788,0.4011755809187889,33.4518076851964,16.261032782495022,25.692851282656193,5.904494784772396,0.6291419267654419,0.0,0.0,81.93932846188545,58.19815490394831,82.99842104315758,0,0,0.0,0.0,0.0,0.0,1,1.9519608467817307,197.1284793689847,53.3974609375,46.54150390625,12429.65283203125,14790.0
7,5,optimized,shared_mesh,scalable,cpu,legacy_full_snapshot,selected_after_full_read,selected_only,append,64,40300,4096,18907,0.37994328886270523,40.19385203719139,17.722138203680515,27.291128411889076,6.395071744918823,0.6249519065022469,0.0,0.0,92.22714230418205,59.66373160481453,83.15989840775728,0,0,0.0,0.0,0.0,0.0,1,1.4032777398824692,209.77334026247263,53.3974609375,46.54150390625,12429.65283203125,14790.0
7,55,optimized,shared_mesh,scalable,cpu,legacy_full_snapshot,selected_after_full_read,selected_only,append,64,40300,4096,18056,0.35228580236434937,33.40878523886204,17.02873408794403,26.185104623436928,5.905617028474808,0.6252313032746315,0.0,0.0,83.15347228199244,58.49652178585529,83.48340820521116,0,0,0.0,0.0,0.0,0.0,1,1.3166721910238266,208.86650495231152,53.3974609375,46.54150390625,12429.65283203125,14790.0
7,105,optimized,shared_mesh,scalable,cpu,legacy_full_snapshot,selected_after_full_read,selected_only,append,64,40300,4096,18349,1.035626046359539,33.88650808483362,16.224159859120846,25.899589993059635,5.929349921643734,0.6361259147524834,0.0,0.0,82.57573377341032,62.01435439288616,80.84838651120663,0,0,0.0,0.0,0.0,0.0,1,1.7449473962187767,168.72796788811684,53.3974609375,46.54150390625,12429.65283203125,14790.0
8,5,optimized,shared_mesh,scalable,cpu,legacy_full_snapshot,selected_after_full_read,selected_only,append,64,40300,4096,18805,0.31121913343667984,38.19970693439245,21.847879514098167,31.402064487338066,8.186671882867813,0.6182463839650154,0.0,0.0,100.25456920266151,58.33309143781662,83.81697721779346,0,0,0.0,0.0,0.0,0.0,1,1.6086148098111153,199.55173786729574,53.3974609375,46.54150390625,12429.65283203125,14790.0
8,55,optimized,shared_mesh,scalable,cpu,legacy_full_snapshot,selected_after_full_read,selected_only,append,64,40300,4096,18789,0.5140416324138641,33.39369781315327,16.87564142048359,31.906884163618088,7.724042050540447,0.9562848135828972,0.0,0.0,90.85655026137829,62.00960464775562,81.2135236337781,0,0,0.0,0.0,0.0,0.0,1,1.6915872693061829,186.22325733304024,53.3974609375,46.54150390625,12429.65283203125,14790.0
8,105,optimized,shared_mesh,scalable,cpu,legacy_full_snapshot,selected_after_full_read,selected_only,append,64,40300,4096,18698,0.38776639848947525,34.22203194350004,17.124834470450878,27.48975809663534,6.099510937929153,0.6305398419499397,0.0,0.0,85.56667529046535,57.677408680319786,82.37598557025194,0,0,0.0,0.0,0.0,0.0,1,1.6586221754550934,195.21311670541763,53.3974609375,46.54150390625,12429.65283203125,14790.0
9,5,optimized,shared_mesh,scalable,cpu,legacy_full_snapshot,selected_after_full_read,selected_only,append,64,40300,4096,18663,0.5866782739758492,39.8722980171442,18.030280247330666,27.869432233273983,6.890111602842808,1.0778112336993217,0.0,0.0,93.73993333429098,68.38288065046072,79.84125707298517,0,0,0.0,0.0,0.0,0.0,1,6.810770370066166,219.49542965739965,53.3974609375,46.54150390625,12429.65283203125,14790.0
9,55,optimized,shared_mesh,scalable,cpu,legacy_full_snapshot,selected_after_full_read,selected_only,append,64,40300,4096,18449,1.0026609525084496,35.102047957479954,17.57603045552969,27.360977604985237,6.51407428085804,0.6310977041721344,0.0,0.0,87.18422800302505,57.72518180310726,81.72588981688023,0,0,0.0,0.0,0.0,0.0,1,2.267928794026375,195.94394974410534,53.3974609375,46.54150390625,12429.65283203125,14790.0
9,105,optimized,shared_mesh,scalable,cpu,legacy_full_snapshot,selected_after_full_read,selected_only,append,64,40300,4096,18451,0.3207167610526085,52.07240115851164,17.45953131467104,27.38500852137804,6.776119582355022,0.6302585825324059,0.0,0.0,104.32331915944815,58.06042533367872,82.1882477030158,0,0,0.0,0.0,0.0,0.0,1,1.493513584136963,205.27603663504124,53.3974609375,46.54150390625,12429.65283203125,14790.0
10,5,optimized,shared_mesh,scalable,cpu,legacy_full_snapshot,selected_after_full_read,selected_only,append,64,40300,4096,18660,0.4092780873179436,42.506201192736626,17.402819357812405,26.77849307656288,6.119322031736374,0.641155056655407,0.0,0.0,93.44799071550369,59.75033715367317,81.44763763993979,0,0,0.0,0.0,0.0,0.0,1,2.3953206837177277,207.00170751661062,53.3974609375,46.54150390625,12429.65283203125,14790.0
10,55,optimized,shared_mesh,scalable,cpu,legacy_full_snapshot,selected_after_full_read,selected_only,append,64,40300,4096,18485,1.8731793388724327,34.63773522526026,17.042987048625946,26.330375112593174,5.7787811383605,0.7825158536434174,0.0,0.0,84.5723943784833,58.60212445259094,83.10122974216938,0,0,0.0,0.0,0.0,0.0,1,3.512803465127945,190.8636000007391,53.3974609375,46.54150390625,12429.65283203125,14790.0
10,105,optimized,shared_mesh,scalable,cpu,legacy_full_snapshot,selected_after_full_read,selected_only,append,64,40300,4096,18443,0.4704603925347328,33.244794234633446,16.643489710986614,25.84147732704878,5.952267907559872,0.6570788100361824,0.0,0.0,82.33910799026489,58.40237531810999,82.93975424021482,0,0,0.0,0.0,0.0,0.0,1,1.4300970360636711,199.8861450701952,53.3974609375,46.54150390625,12429.65283203125,14790.0
10,5,optimized,shared_mesh,scalable,cpu,legacy_full_snapshot,selected_after_full_read,selected_only,append,64,40300,4096,18624,0.37407781928777695,39.390104822814465,16.702723689377308,27.378852479159832,6.697060540318489,0.6528887897729874,0.0,0.0,90.82163032144308,58.0070661380887,0.0,0,0,0.0,0.0,0.0,0.0,1,0.0,59.44498535245657,53.3974609375,53.3974609375,4920.5859375,14790.0
11,5,optimized,shared_mesh,scalable,cpu,legacy_full_snapshot,selected_after_full_read,selected_only,append,64,40300,4096,18472,0.5475645884871483,49.55415707081556,26.974886655807495,32.79584459960461,9.479595348238945,0.619642436504364,0.0,0.0,119.42412611097097,57.618183083832264,82.02705066651106,0,0,0.0,0.0,0.0,0.0,1,1.6832062974572182,206.72066044062376,53.3974609375,46.54150390625,12429.65283203125,14790.0
11,55,optimized,shared_mesh,scalable,cpu,legacy_full_snapshot,selected_after_full_read,selected_only,append,64,40300,4096,18356,0.41039474308490753,37.49820776283741,19.890333525836468,27.10088901221752,6.36628270149231,0.640316866338253,0.0,0.0,91.49602986872196,57.98695143312216,83.09228997677565,0,0,0.0,0.0,0.0,0.0,1,1.4940723776817322,205.54618909955025,53.3974609375,46.54150390625,12429.65283203125,14790.0
11,105,optimized,shared_mesh,scalable,cpu,legacy_full_snapshot,selected_after_full_read,selected_only,append,64,40300,4096,19164,0.3894427791237831,33.53533986955881,16.404067166149616,28.17337866872549,6.246448494493961,0.6079096347093582,0.0,0.0,84.96714383363724,57.27232247591019,81.4652368426323,0,0,0.0,0.0,0.0,0.0,1,5.636855959892273,209.9295100197196,53.3974609375,46.54150390625,12429.65283203125,14790.0
12,5,optimized,shared_mesh,scalable,cpu,legacy_full_snapshot,selected_after_full_read,selected_only,append,64,40300,4096,18997,0.41291024535894394,37.99828048795462,17.711522988975048,27.809650637209415,6.557933986186981,0.6827805191278458,0.0,0.0,90.7601686194539,58.5132846608758,80.71819972246885,0,0,0.0,0.0,0.0,0.0,1,1.4960281550884247,206.054643727839,53.3974609375,46.54150390625,12429.65283203125,14790.0
12,55,optimized,shared_mesh,scalable,cpu,legacy_full_snapshot,selected_after_full_read,selected_only,append,64,40300,4096,18216,0.39307400584220886,35.54708603769541,16.970076598227024,26.354679837822914,5.989979952573776,0.6227158010005951,0.0,0.0,85.48453822731972,57.11531639099121,81.22386131435633,0,0,0.0,0.0,0.0,0.0,1,1.3108057901263237,204.4312208890915,53.3974609375,46.54150390625,12429.65283203125,14790.0
12,105,optimized,shared_mesh,scalable,cpu,legacy_full_snapshot,selected_after_full_read,selected_only,append,64,40300,4096,18708,1.530391164124012,33.84795505553484,17.279617488384247,27.296160347759724,6.089155562222004,0.8386708796024323,0.0,0.0,85.35155933350325,59.73916221410036,80.65673895180225,0,0,0.0,0.0,0.0,0.0,1,3.6214785650372505,188.44201788306236,53.3974609375,46.54150390625,12429.65283203125,14790.0
13,5,optimized,shared_mesh,scalable,cpu,legacy_full_snapshot,selected_after_full_read,selected_only,append,64,40300,4096,17964,0.476885586977005,41.264958679676056,18.471689894795418,27.467411942780018,6.130506284534931,0.6162915378808975,0.0,0.0,93.95085833966732,57.15917702764273,81.18083793669939,0,0,0.0,0.0,0.0,0.0,1,1.397969201207161,192.57111102342606,53.3974609375,46.54150390625,12429.65283203125,14790.0
13,55,optimized,shared_mesh,scalable,cpu,legacy_full_snapshot,selected_after_full_read,selected_only,append,64,40300,4096,18713,0.39307400584220886,34.841395914554596,18.029444850981236,27.962745167315006,6.210118532180786,0.6207609549164772,0.0,0.0,87.6644654199481,57.742781937122345,81.14898949861526,0,0,0.0,0.0,0.0,0.0,1,5.782407708466053,203.4841561689973,53.3974609375,46.54150390625,12429.65283203125,14790.0
13,105,optimized,shared_mesh,scalable,cpu,legacy_full_snapshot,selected_after_full_read,selected_only,append,64,40300,4096,18260,1.0853540152311325,35.66805273294449,17.822704277932644,27.552911080420017,6.215431727468967,0.9001325815916061,0.0,0.0,88.15923240035772,78.43071687966585,78.36785726249218,0,0,0.0,0.0,0.0,0.0,1,7.1264589205384254,217.20738802105188,53.3974609375,46.54150390625,12429.65283203125,14790.0
14,5,optimized,shared_mesh,scalable,cpu,legacy_full_snapshot,selected_after_full_read,selected_only,append,64,40300,4096,18470,0.4735328257083893,40.638890117406845,19.49278637766838,28.86985708028078,6.131340749561787,0.6366856396198273,0.0,0.0,95.76955996453762,57.33769480139017,80.87995741516352,0,0,0.0,0.0,0.0,0.0,1,1.7432710155844688,204.98968288302422,53.3974609375,46.54150390625,12429.65283203125,14790.0
14,55,optimized,shared_mesh,scalable,cpu,legacy_full_snapshot,selected_after_full_read,selected_only,append,64,40300,4096,18358,0.6006453186273575,34.04435236006975,16.879836097359657,26.346862316131592,5.766203626990318,0.6405971944332123,0.0,0.0,83.67785159498453,61.060584150254726,80.42178954929113,0,0,0.0,0.0,0.0,0.0,1,3.9346525445580482,211.86610497534275,53.3974609375,46.54150390625,12429.65283203125,14790.0
14,105,optimized,shared_mesh,scalable,cpu,legacy_full_snapshot,selected_after_full_read,selected_only,append,64,40300,4096,18841,2.119862474501133,35.00147629529238,17.06506498157978,26.76507830619812,5.982988514006138,0.9582396596670151,0.0,0.0,85.77284775674343,62.62841075658798,80.61623107641935,0,0,0.0,0.0,0.0,0.0,1,5.40497899055481,203.9434416219592,53.3974609375,46.54150390625,12429.65283203125,14790.0
15,5,optimized,shared_mesh,scalable,cpu,legacy_full_snapshot,selected_after_full_read,selected_only,append,64,40300,4096,18809,0.33021625131368637,37.70913369953632,22.989660501480103,32.33013767749071,8.806037716567516,0.6305389106273651,0.0,0.0,102.46550850570202,57.08207190036774,81.09618909657001,0,0,0.0,0.0,0.0,0.0,1,1.561400480568409,207.14670233428478,53.3974609375,46.54150390625,12429.65283203125,14790.0
15,55,optimized,shared_mesh,scalable,cpu,legacy_full_snapshot,selected_after_full_read,selected_only,append,64,40300,4096,17782,1.7502550035715103,34.036530181765556,16.708021983504295,26.076708920300007,5.854767747223377,0.9132623672485352,0.0,0.0,83.58929120004177,71.57496828585863,78.29913310706615,0,0,0.0,0.0,0.0,0.0,1,6.753499619662762,212.0365221053362,53.3974609375,46.54150390625,12429.65283203125,14790.0
15,105,optimized,shared_mesh,scalable,cpu,legacy_full_snapshot,selected_after_full_read,selected_only,append,64,40300,4096,19045,1.080324873328209,34.5050347968936,16.785123385488987,26.382895186543465,5.725148133933544,0.6688134744763374,0.0,0.0,84.06701497733593,56.60853814333677,80.68942651152611,0,0,0.0,0.0,0.0,0.0,1,1.8801633268594742,179.19206526130438,53.3974609375,46.54150390625,12429.65283203125,14790.0
15,5,optimized,shared_mesh,scalable,cpu,legacy_full_snapshot,selected_after_full_read,selected_only,append,64,40300,4096,17815,0.34250784665346146,37.975652143359184,16.78065676242113,29.4584883376956,6.338916718959808,0.6210412830114365,0.0,0.0,91.17475524544716,57.01697804033756,0.0,0,0,0.0,0.0,0.0,0.0,1,0.0,58.326106518507004,53.3974609375,53.3974609375,4920.5859375,14790.0
16,5,optimized,shared_mesh,scalable,cpu,legacy_full_snapshot,selected_after_full_read,selected_only,append,64,40300,4096,19060,0.524379312992096,53.30861546099186,47.725955955684185,44.16118748486042,13.675464317202568,0.6098663434386253,0.0,0.0,159.48108956217766,57.318419218063354,80.57404682040215,0,0,0.0,0.0,0.0,0.0,1,1.5281559899449348,203.31765338778496,53.3974609375,46.54150390625,12429.65283203125,14790.0
16,55,optimized,shared_mesh,scalable,cpu,legacy_full_snapshot,selected_after_full_read,selected_only,append,64,40300,4096,18945,0.47073885798454285,35.84042377769947,20.7058135420084,28.781572356820107,6.241974420845509,0.6375228986144066,0.0,0.0,92.20730699598789,57.588569819927216,80.80173283815384,0,0,0.0,0.0,0.0,0.0,1,1.3091294094920158,197.14356679469347,53.3974609375,46.54150390625,12429.65283203125,14790.0
16,105,optimized,shared_mesh,scalable,cpu,legacy_full_snapshot,selected_after_full_read,selected_only,append,64,40300,4096,18411,0.45900512486696243,37.054289132356644,29.9099488183856,33.20121951401234,8.512688800692558,0.6595933809876442,0.0,0.0,109.33773964643478,57.64137115329504,80.5234806612134,0,0,0.0,0.0,0.0,0.0,1,2.4855583906173706,208.75839050859213,53.3974609375,46.54150390625,12429.65283203125,14790.0
17,5,optimized,shared_mesh,scalable,cpu,legacy_full_snapshot,selected_after_full_read,selected_only,append,64,40300,4096,17571,0.3827381879091263,41.956400498747826,22.99637533724308,28.52371707558632,7.381518371403217,0.6165700033307076,0.0,0.0,101.47458128631115,57.30528850108385,80.7852502912283,0,0,0.0,0.0,0.0,0.0,1,1.3923821970820427,206.71703107655048,53.3974609375,46.54150390625,12429.65283203125,14790.0
17,55,optimized,shared_mesh,scalable,cpu,legacy_full_snapshot,selected_after_full_read,selected_only,append,64,40300,4096,17938,0.4277164116501808,33.851307816803455,17.260337248444557,26.49799734354019,6.070164032280445,0.6294213235378265,0.0,0.0,84.30922776460648,57.434636168181896,81.05847425758839,0,0,0.0,0.0,0.0,0.0,1,1.3264501467347145,201.65428146719933,53.3974609375,46.54150390625,12429.65283203125,14790.0
17,105,optimized,shared_mesh,scalable,cpu,legacy_full_snapshot,selected_after_full_read,selected_only,append,64,40300,4096,18515,0.2475222572684288,39.56163860857487,33.5241612046957,33.90549775213003,8.871975354850292,0.6235549226403236,0.0,0.0,116.48682784289122,57.29159899055958,81.46356139332056,0,0,0.0,0.0,0.0,0.0,1,2.0000124350190163,205.3632028400898,53.3974609375,46.54150390625,12429.65283203125,14790.0
18,5,optimized,shared_mesh,scalable,cpu,legacy_full_snapshot,selected_after_full_read,selected_only,append,64,40300,4096,18520,1.9740313291549683,38.22987899184227,17.19468552619219,27.31962688267231,5.95729798078537,0.7235687226057053,0.0,0.0,89.42505810409784,60.961129143834114,80.11699747294188,0,0,0.0,0.0,0.0,0.0,1,3.158003091812134,195.20641304552555,53.3974609375,46.54150390625,12429.65283203125,14790.0
18,55,optimized,shared_mesh,scalable,cpu,legacy_full_snapshot,selected_after_full_read,selected_only,append,64,40300,4096,18085,0.46934280544519424,33.882876858115196,16.94242935627699,25.88925138115883,5.890790373086929,0.5891919136047363,0.0,0.0,83.19453988224268,57.16979317367077,81.22553862631321,0,0,0.0,0.0,0.0,0.0,1,1.5865452587604523,206.69412333518267,53.3974609375,46.54150390625,12429.65283203125,14790.0
18,105,optimized,shared_mesh,scalable,cpu,legacy_full_snapshot,selected_after_full_read,selected_only,append,64,40300,4096,18219,0.400337390601635,63.01086861640215,58.606598526239395,52.65991482883692,18.277527764439583,0.67104771733284,0.0,0.0,193.22595745325089,57.19884857535362,80.87380975484848,0,0,0.0,0.0,0.0,0.0,1,1.4801044017076492,205.10087348520756,53.3974609375,46.54150390625,12429.65283203125,14790.0
19,5,optimized,shared_mesh,scalable,cpu,legacy_full_snapshot,selected_after_full_read,selected_only,append,64,40300,4096,18285,0.4134681075811386,62.80581094324589,43.79494208842516,44.01424340903759,11.331257410347462,0.6065135821700096,0.0,0.0,162.5527674332261,57.2320930659771,81.40824642032385,0,0,0.0,0.0,0.0,0.0,1,1.3317586854100227,202.52368226647377,53.3974609375,46.54150390625,12429.65283203125,14790.0
19,55,optimized,shared_mesh,scalable,cpu,legacy_full_snapshot,selected_after_full_read,selected_only,append,64,40300,4096,18430,0.31010061502456665,70.93772385269403,68.32225807011127,61.462038196623325,21.112579852342606,0.6378022953867912,0.0,0.0,222.47240226715803,57.795303873717785,81.09535183757544,0,0,0.0,0.0,0.0,0.0,1,1.5541380271315575,202.1278152242303,53.3974609375,46.54150390625,12429.65283203125,14790.0
19,105,optimized,shared_mesh,scalable,cpu,legacy_full_snapshot,selected_after_full_read,selected_only,append,64,40300,4096,18408,0.3534024581313133,47.54380974918604,43.60970202833414,41.212715208530426,11.260315775871277,0.601484440267086,0.0,0.0,144.22802720218897,57.563706301152706,80.8861032128334,0,0,0.0,0.0,0.0,0.0,1,1.4775888994336128,202.17251311987638,53.3974609375,46.54150390625,12429.65283203125,14790.0
20,5,optimized,shared_mesh,scalable,cpu,legacy_full_snapshot,selected_after_full_read,selected_only,append,64,40300,4096,19080,0.408160500228405,59.081804007291794,37.93542366474867,42.03966073691845,10.873646475374699,0.6299801170825958,0.0,0.0,150.5605150014162,57.63494595885277,81.38533774763346,0,0,0.0,0.0,0.0,0.0,1,1.4608288183808327,208.42817518860102,53.3974609375,46.54150390625,12429.65283203125,14790.0
20,55,optimized,shared_mesh,scalable,cpu,legacy_full_snapshot,selected_after_full_read,selected_only,append,64,40300,4096,18662,0.5037039518356323,36.37066949158907,20.106001757085323,29.4129466637969,7.858976721763611,0.6389208137989044,0.0,0.0,94.38751544803381,57.427652180194855,80.76094556599855,0,0,0.0,0.0,0.0,0.0,1,1.5457570552825928,205.90629801154137,53.3974609375,46.54150390625,12429.65283203125,14790.0
20,105,optimized,shared_mesh,scalable,cpu,legacy_full_snapshot,selected_after_full_read,selected_only,append,64,40300,4096,18900,0.34502241760492325,51.6321137547493,46.172382310032845,48.679172061383724,12.368000112473965,0.5833245813846588,0.0,0.0,159.4349928200245,56.955236941576004,81.89463056623936,0,0,0.0,0.0,0.0,0.0,1,1.5463149175047874,205.7738769799471,53.3974609375,46.54150390625,12429.65283203125,14790.0
20,5,optimized,shared_mesh,scalable,cpu,legacy_full_snapshot,selected_after_full_read,selected_only,append,64,40300,4096,18221,0.588633120059967,61.074553057551384,33.739558421075344,41.477845050394535,12.579764239490032,0.726083293557167,0.0,0.0,149.59780406206846,57.97857139259577,0.0,0,0,0.0,0.0,0.0,0.0,1,0.0,59.66876074671745,53.3974609375,53.3974609375,4920.5859375,14790.0
21,5,optimized,shared_mesh,scalable,cpu,legacy_full_snapshot,selected_after_full_read,selected_only,append,64,40300,4096,18739,1.1244658380746841,38.497794419527054,17.895903438329697,27.164021506905556,6.148664280772209,0.6034402176737785,0.0,0.0,90.3098238632083,57.25974962115288,80.5676206946373,0,0,0.0,0.0,0.0,0.0,1,2.252562902867794,196.06212433427572,53.3974609375,46.54150390625,12429.65283203125,14790.0
21,55,optimized,shared_mesh,scalable,cpu,legacy_full_snapshot,selected_after_full_read,selected_only,append,64,40300,4096,18241,0.7012197747826576,35.238939337432384,17.586921341717243,28.91930378973484,6.335563026368618,0.8168788626790047,0.0,0.0,88.89760635793209,60.33645663410425,80.75535856187344,0,0,0.0,0.0,0.0,0.0,1,2.9576942324638367,204.84776515513659,53.3974609375,46.54150390625,12429.65283203125,14790.0
21,105,optimized,shared_mesh,scalable,cpu,legacy_full_snapshot,selected_after_full_read,selected_only,append,64,40300,4096,17903,0.3634607419371605,33.866952173411846,17.08099525421858,27.276613749563694,6.026558578014374,0.6330525502562523,0.0,0.0,84.88417230546474,58.25235415250063,81.40209969133139,0,0,0.0,0.0,0.0,0.0,1,1.630963757634163,205.0352217629552,53.3974609375,46.54150390625,12429.65283203125,14790.0
22,5,optimized,shared_mesh,scalable,cpu,legacy_full_snapshot,selected_after_full_read,selected_only,append,64,40300,4096,19545,0.7165847346186638,40.6564911827445,19.017579033970833,28.519250452518463,6.807131692767143,1.4041149988770485,0.0,0.0,96.40456736087799,63.53943794965744,80.27037046849728,0,0,0.0,0.0,0.0,0.0,1,2.7808528393507004,207.66996406018734,53.3974609375,46.54150390625,12429.65283203125,14790.0
22,55,optimized,shared_mesh,scalable,cpu,legacy_full_snapshot,selected_after_full_read,selected_only,append,64,40300,4096,18810,0.6280252709984779,34.00635812431574,17.17680413275957,26.797208935022354,6.285275332629681,0.6238343194127083,0.0,0.0,84.88948084414005,58.64123720675707,81.59290999174118,0,0,0.0,0.0,0.0,0.0,1,1.77037063986063,205.965805798769,53.3974609375,46.54150390625,12429.65283203125,14790.0
22,105,optimized,shared_mesh,scalable,cpu,legacy_full_snapshot,selected_after_full_read,selected_only,append,64,40300,4096,17922,0.39419159293174744,52.33556963503361,49.375361762940884,48.56797493994236,15.596132725477219,0.6012050434947014,0.0,0.0,166.47624410688877,60.34958641976118,79.78091388940811,0,0,0.0,0.0,0.0,0.0,1,1.5544164925813675,200.366104952991,53.3974609375,46.54150390625,12429.65283203125,14790.0
23,5,optimized,shared_mesh,scalable,cpu,legacy_full_snapshot,selected_after_full_read,selected_only,append,64,40300,4096,18664,0.41626207530498505,48.37298020720482,53.13931778073311,50.494229421019554,12.673086486756802,0.631098635494709,0.0,0.0,165.310712531209,57.58661404252052,81.71108365058899,0,0,0.0,0.0,0.0,0.0,1,1.4138929545879364,205.78672736883163,53.3974609375,46.54150390625,12429.65283203125,14790.0
23,55,optimized,shared_mesh,scalable,cpu,legacy_full_snapshot,selected_after_full_read,selected_only,append,64,40300,4096,18066,0.48051774501800537,42.530786246061325,37.52726595848799,38.45030162483454,12.438125908374786,0.6255097687244415,0.0,0.0,131.57198950648308,58.00259672105312,81.19117468595505,0,0,0.0,0.0,0.0,0.0,1,1.8469179049134254,204.76451236754656,53.3974609375,46.54150390625,12429.65283203125,14790.0
23,105,optimized,shared_mesh,scalable,cpu,legacy_full_snapshot,selected_after_full_read,selected_only,append,64,40300,4096,18772,0.5028657615184784,33.51159393787384,16.7365288361907,26.448555290699005,6.230784580111504,0.6277449429035187,0.0,0.0,83.55520758777857,57.16141313314438,81.56106248497963,0,0,0.0,0.0,0.0,0.0,1,1.493513584136963,198.49851354956627,53.3974609375,46.54150390625,12429.65283203125,14790.0
24,5,optimized,shared_mesh,scalable,cpu,legacy_full_snapshot,selected_after_full_read,selected_only,append,64,40300,4096,18728,0.35228580236434937,51.077283918857574,37.21157554537058,37.56330069154501,10.367993265390396,0.5796924233436584,0.0,0.0,136.79984584450722,57.63885751366615,81.24872576445341,0,0,0.0,0.0,0.0,0.0,1,1.3912636786699295,208.86985957622528,53.3974609375,46.54150390625,12429.65283203125,14790.0
24,55,optimized,shared_mesh,scalable,cpu,legacy_full_snapshot,selected_after_full_read,selected_only,append,64,40300,4096,18600,0.4360973834991455,51.99781060218811,19.117314368486404,30.56563436985016,6.871392019093037,0.6305389106273651,0.0,0.0,109.18269027024508,57.007758878171444,81.39790967106819,0,0,0.0,0.0,0.0,0.0,1,1.5273187309503555,199.7285820543766,53.3974609375,46.54150390625,12429.65283203125,14790.0
24,105,optimized,shared_mesh,scalable,cpu,legacy_full_snapshot,selected_after_full_read,selected_only,append,64,40300,4096,18685,0.4852665588259697,33.91612134873867,16.267739236354828,23.771625012159348,4.5950813218951225,0.5970140919089317,0.0,0.0,79.1475810110569,57.124256156384945,81.85803238302469,0,0,0.0,0.0,0.0,0.0,1,5.249369889497757,202.8723368421197,53.3974609375,46.54150390625,12429.65283203125,14790.0
25,5,optimized,shared_mesh,scalable,cpu,legacy_full_snapshot,selected_after_full_read,selected_only,append,64,40300,4096,18471,0.3746356815099716,47.562805004417896,29.950186610221863,37.39763144403696,7.810074836015701,0.6330534815788269,0.0,0.0,123.35375137627125,57.45726451277733,81.19927626103163,0,0,0.0,0.0,0.0,0.0,1,1.2507420033216476,206.47817011922598,53.3974609375,46.54150390625,12429.65283203125,14790.0
25,55,optimized,shared_mesh,scalable,cpu,legacy_full_snapshot,selected_after_full_read,selected_only,append,64,40300,4096,18554,0.3969864919781685,42.89201274514198,29.101453721523285,31.173819676041603,9.059982374310493,0.6121005862951279,0.0,0.0,112.83936910331249,57.21588991582394,81.34119771420956,0,0,0.0,0.0,0.0,0.0,1,1.2390073388814926,207.93173555284739,53.3974609375,46.54150390625,12429.65283203125,14790.0
25,105,optimized,shared_mesh,scalable,cpu,legacy_full_snapshot,selected_after_full_read,selected_only,append,64,40300,4096,19203,0.33552385866642,34.14576407521963,16.920064575970173,25.978374294936657,5.908123217523098,0.6065135821700096,0.0,0.0,83.55883974581957,58.45294147729874,80.92884719371796,0,0,0.0,0.0,0.0,0.0,1,1.50357186794281,203.78559920936823,53.3974609375,46.54150390625,12429.65283203125,14790.0
25,5,optimized,shared_mesh,scalable,cpu,legacy_full_snapshot,selected_after_full_read,selected_only,append,64,40300,4096,18440,0.3000441938638687,44.17543951421976,33.327762968838215,40.9218929708004,11.089051142334938,0.5713114514946938,0.0,0.0,130.085458047688,58.60296357423067,0.0,0,0,0.0,0.0,0.0,0.0,1,0.0,59.81291737407446,53.3974609375,53.3974609375,4920.5859375,14790.0
26,5,optimized,shared_mesh,scalable,cpu,legacy_full_snapshot,selected_after_full_read,selected_only,append,64,40300,4096,18530,0.7473146542906761,42.21006855368614,19.917715340852737,28.69329135864973,6.9560399278998375,0.588633120059967,0.0,0.0,98.36574830114841,59.77408401668072,80.70730697363615,0,0,0.0,0.0,0.0,0.0,1,1.758635975420475,188.07716108858585,53.3974609375,46.54150390625,12429.65283203125,14790.0
26,55,optimized,shared_mesh,scalable,cpu,legacy_full_snapshot,selected_after_full_read,selected_only,append,64,40300,4096,17912,0.4810746759176254,33.25094096362591,16.728135757148266,26.43206436187029,6.108161993324757,0.8872803300619125,0.0,0.0,83.40658340603113,61.482712626457214,79.94210999459028,0,0,0.0,0.0,0.0,0.0,1,2.9786471277475357,204.59772739559412,53.3974609375,46.54150390625,12429.65283203125,14790.0
26,105,optimized,shared_mesh,scalable,cpu,legacy_full_snapshot,selected_after_full_read,selected_only,append,64,40300,4096,18397,0.4620794206857681,33.34816172719002,17.13852770626545,26.577617973089218,6.119616329669952,0.6263479590415955,0.0,0.0,83.81027169525623,57.156662456691265,81.42137713730335,0,0,0.0,0.0,0.0,0.0,1,1.3258904218673706,195.0270589441061,53.3974609375,46.54150390625,12429.65283203125,14790.0
27,5,optimized,shared_mesh,scalable,cpu,legacy_full_snapshot,selected_after_full_read,selected_only,append,64,40300,4096,18257,0.5187913775444031,37.45518624782562,17.897581681609154,27.810762636363506,6.552910432219505,1.4577535912394524,0.0,0.0,91.17419458925724,65.74786081910133,78.4980459138751,0,0,0.0,0.0,0.0,0.0,1,6.202860735356808,211.26993093639612,53.3974609375,46.54150390625,12429.65283203125,14790.0
27,55,optimized,shared_mesh,scalable,cpu,legacy_full_snapshot,selected_after_full_read,selected_only,append,64,40300,4096,18390,1.1806199327111244,35.43505817651749,17.025944776833057,26.41251217573881,6.360708735883236,1.8770890310406685,0.0,0.0,87.11131289601326,69.0086716786027,80.22874314337969,0,0,0.0,0.0,0.0,0.0,1,1.886308193206787,193.1449407711625,53.3974609375,46.54150390625,12429.65283203125,14790.0
27,105,optimized,shared_mesh,scalable,cpu,legacy_full_snapshot,selected_after_full_read,selected_only,append,64,40300,4096,17947,0.37547387182712555,33.59903674572706,16.121914610266685,25.9644016623497,5.885766819119453,0.6252303719520569,0.0,0.0,82.19635020941496,57.37233720719814,81.04059472680092,0,0,0.0,0.0,0.0,0.0,1,1.4144526794552803,208.5469076409936,53.3974609375,46.54150390625,12429.65283203125,14790.0
28,5,optimized,shared_mesh,scalable,cpu,legacy_full_snapshot,selected_after_full_read,selected_only,append,64,40300,4096,18785,0.7989984005689621,42.34025627374649,17.08042249083519,26.85336209833622,6.020151078701019,1.5792809426784515,0.0,0.0,93.87347288429737,83.53844564408064,78.48240155726671,0,0,0.0,0.0,0.0,0.0,1,3.558618947863579,197.69560359418392,53.3974609375,46.54150390625,12429.65283203125,14790.0
28,55,optimized,shared_mesh,scalable,cpu,legacy_full_snapshot,selected_after_full_read,selected_only,append,64,40300,4096,17912,0.45788753777742386,33.746544271707535,16.78652223199606,25.6881071254611,5.769561044871807,0.5836039781570435,0.0,0.0,82.57433865219355,56.97563197463751,80.59276454150677,0,0,0.0,0.0,0.0,0.0,1,1.3786926865577698,204.48346622288227,53.3974609375,46.54150390625,12429.65283203125,14790.0
28,105,optimized,shared_mesh,scalable,cpu,legacy_full_snapshot,selected_after_full_read,selected_only,append,64,40300,4096,18836,0.23439154028892517,65.95040392130613,59.541087597608566,53.45528945326805,18.64126604050398,0.5883537232875824,0.0,0.0,198.1764007359743,57.45810363441706,81.1288757249713,0,0,0.0,0.0,0.0,0.0,1,1.9592233002185822,199.49167594313622,53.3974609375,46.54150390625,12429.65283203125,14790.0
29,5,optimized,shared_mesh,scalable,cpu,legacy_full_snapshot,selected_after_full_read,selected_only,append,64,40300,4096,17965,0.4249224439263344,37.16408181935549,17.051094211637974,26.772061362862587,6.092507392168045,0.5925456061959267,0.0,0.0,87.67229039222002,56.94490019232035,81.35376963764429,0,0,0.0,0.0,0.0,0.0,1,1.8284786492586136,157.97500498592854,53.3974609375,46.54150390625,12429.65283203125,14790.0
29,55,optimized,shared_mesh,scalable,cpu,legacy_full_snapshot,selected_after_full_read,selected_only,append,64,40300,4096,18613,0.4400080069899559,33.82253274321556,17.611509189009666,27.46238186955452,6.145592778921127,0.5891919136047363,0.0,0.0,85.63120849430561,57.50168673694134,80.88694233447313,0,0,0.0,0.0,0.0,0.0,1,1.6910284757614136,200.74521098285913,53.3974609375,46.54150390625,12429.65283203125,14790.0
29,105,optimized,shared_mesh,scalable,cpu,legacy_full_snapshot,selected_after_full_read,selected_only,append,64,40300,4096,17288,0.46682730317115784,42.91743505746126,23.18913210183382,30.103557743132114,8.602652698755264,0.6207609549164772,0.0,0.0,105.43353855609894,57.10162688046694,80.954828299582,0,0,0.0,0.0,0.0,0.0,1,1.6066590324044228,206.7005494609475,53.3974609375,46.54150390625,12429.65283203125,14790.0
30,5,optimized,shared_mesh,scalable,cpu,legacy_full_snapshot,selected_after_full_read,selected_only,append,64,40300,4096,18556,0.9490214288234711,45.24067882448435,19.60230153053999,28.101028874516487,6.923075765371323,0.5891928449273109,0.0,0.0,100.45627783983946,56.39789346605539,81.39316085726023,0,0,0.0,0.0,0.0,0.0,1,1.655828207731247,159.3883391469717,53.3974609375,46.54150390625,12429.65283203125,14790.0
30,55,optimized,shared_mesh,scalable,cpu,legacy_full_snapshot,selected_after_full_read,selected_only,append,64,40300,4096,18893,0.49811694771051407,34.33405980467796,16.639861278235912,26.049328967928886,5.877671763300896,0.6676949560642242,0.0,0.0,83.56861677020788,58.18614363670349,81.41020219773054,0,0,0.0,0.0,0.0,0.0,1,1.427861861884594,206.95086661726236,53.3974609375,46.54150390625,12429.65283203125,14790.0
30,105,optimized,shared_mesh,scalable,cpu,legacy_full_snapshot,selected_after_full_read,selected_only,append,64,40300,4096,17891,0.40061771869659424,63.050820492208004,44.26539409905672,43.197931721806526,13.234048150479794,0.6425511091947556,0.0,0.0,164.3907455727458,57.803685776889324,80.87325282394886,0,0,0.0,0.0,0.0,0.0,1,2.689777873456478,206.00910857319832,53.3974609375,46.54150390625,12429.65283203125,14790.0
30,5,optimized,shared_mesh,scalable,cpu,legacy_full_snapshot,selected_after_full_read,selected_only,append,64,40300,4096,18305,1.5438003465533257,51.933275535702705,20.780128426849842,32.57793840020895,7.584624923765659,1.1113351210951805,0.0,0.0,113.98730240762234,68.7142163515091,0.0,0,0,0.0,0.0,0.0,0.0,1,0.0,73.26683588325977,53.3974609375,53.3974609375,4920.5859375,14790.0
31,5,optimized,shared_mesh,scalable,cpu,legacy_full_snapshot,selected_after_full_read,selected_only,append,64,40300,4096,18304,0.44922810047864914,39.09704647958279,17.293869517743587,27.42747124284506,6.002819165587425,0.6243931129574776,0.0,0.0,90.44559951871634,57.80927278101444,81.33170008659363,0,0,0.0,0.0,0.0,0.0,1,1.437918283045292,206.6357359290123,53.3974609375,46.54150390625,12429.65283203125,14790.0
31,55,optimized,shared_mesh,scalable,cpu,legacy_full_snapshot,selected_after_full_read,selected_only,append,64,40300,4096,18132,0.3992198035120964,34.36032123863697,17.972169443964958,27.241128496825695,6.6819824278354645,0.9657833725214005,0.0,0.0,87.22138497978449,64.15684707462788,79.14786133915186,0,0,0.0,0.0,0.0,0.0,1,6.053956225514412,217.02412236481905,53.3974609375,46.54150390625,12429.65283203125,14790.0
31,105,optimized,shared_mesh,scalable,cpu,legacy_full_snapshot,selected_after_full_read,selected_only,append,64,40300,4096,18008,1.4988221228122711,36.90594341605902,17.424325458705425,27.563244104385376,6.3179610297083855,0.8093360811471939,0.0,0.0,89.0208100900054,57.617624290287495,81.08194172382355,0,0,0.0,0.0,0.0,0.0,1,1.519494690001011,182.1229411289096,53.3974609375,46.54150390625,12429.65283203125,14790.0
32,5,optimized,shared_mesh,scalable,cpu,legacy_full_snapshot,selected_after_full_read,selected_only,append,64,40300,4096,19048,0.3835754469037056,38.51902857422829,23.022908717393875,31.981490552425385,7.846389897167683,0.7037334144115448,0.0,0.0,102.07355115562677,57.888333685696125,80.99198527634144,0,0,0.0,0.0,0.0,0.0,1,2.0324187353253365,206.49549178779125,53.3974609375,46.54150390625,12429.65283203125,14790.0
32,55,optimized,shared_mesh,scalable,cpu,legacy_full_snapshot,selected_after_full_read,selected_only,append,64,40300,4096,18092,0.8168788626790047,34.39077269285917,17.52378884702921,27.396456338465214,6.050040014088154,1.5798406675457954,0.0,0.0,86.94089855998755,71.81774079799652,78.15805170685053,0,0,0.0,0.0,0.0,0.0,1,2.424933947622776,205.6892290711403,53.3974609375,46.54150390625,12429.65283203125,14790.0
32,105,optimized,shared_mesh,scalable,cpu,legacy_full_snapshot,selected_after_full_read,selected_only,append,64,40300,4096,18864,0.553433783352375,34.627956338226795,20.178918726742268,28.24406698346138,6.547326222062111,0.6841784343123436,0.0,0.0,90.2824467048049,57.840561494231224,81.01656939834356,0,0,0.0,0.0,0.0,0.0,1,1.96062121540308,207.1849787607789,53.3974609375,46.54150390625,12429.65283203125,14790.0
33,5,optimized,shared_mesh,scalable,cpu,legacy_full_snapshot,selected_after_full_read,selected_only,append,64,40300,4096,18093,0.3810608759522438,40.54362513124943,19.190222956240177,30.00130783766508,6.673604249954224,0.8654901757836342,0.0,0.0,97.27425035089254,71.95854373276234,79.42415867000818,0,0,0.0,0.0,0.0,0.0,1,9.695548564195633,197.4153956398368,53.3974609375,46.54150390625,12429.65283203125,14790.0
33,55,optimized,shared_mesh,scalable,cpu,legacy_full_snapshot,selected_after_full_read,selected_only,append,64,40300,4096,18714,0.39810314774513245,34.14408769458532,17.799803987145424,27.799018658697605,6.15370087325573,0.6302604451775551,0.0,0.0,86.52687165886164,56.77867494523525,80.87157644331455,0,0,0.0,0.0,0.0,0.0,1,1.7080698162317276,204.52788658440113,53.3974609375,46.54150390625,12429.65283203125,14790.0
33,105,optimized,shared_mesh,scalable,cpu,legacy_full_snapshot,selected_after_full_read,selected_only,append,64,40300,4096,18284,0.43386220932006836,35.03863234072924,17.264528200030327,26.741056703031063,6.103122606873512,0.5936622619628906,0.0,0.0,85.74100211262703,57.2010837495327,81.21464308351278,0,0,0.0,0.0,0.0,0.0,1,1.7052777111530304,204.30243480950594,53.3974609375,46.54150390625,12429.65283203125,14790.0
34,5,optimized,shared_mesh,scalable,cpu,legacy_full_snapshot,selected_after_full_read,selected_only,append,64,40300,4096,18627,0.5227020010352135,42.679411359131336,17.40002352744341,28.217246755957603,6.478599272668362,0.9286282584071159,0.0,0.0,95.70390917360783,63.711809925735,79.98010516166687,0,0,0.0,0.0,0.0,0.0,1,5.498567596077919,214.8615187034011,53.3974609375,46.54150390625,12429.65283203125,14790.0
34,55,optimized,shared_mesh,scalable,cpu,legacy_full_snapshot,selected_after_full_read,selected_only,append,64,40300,4096,19017,0.4523005336523056,34.97800882905722,16.713603399693966,26.325068436563015,5.853936076164246,0.6816638633608818,0.0,0.0,84.55228060483932,58.6096690967679,82.10527524352074,0,0,0.0,0.0,0.0,0.0,1,1.6016308218240738,209.80742760002613,53.3974609375,46.54150390625,12429.65283203125,14790.0
34,105,optimized,shared_mesh,scalable,cpu,legacy_full_snapshot,selected_after_full_read,selected_only,append,64,40300,4096,18056,0.4050862044095993,40.51093850284815,18.327536061406136,29.360990040004253,6.3595836982131,0.6422726437449455,0.0,0.0,95.20132094621658,57.97158647328615,81.07272349298,0,0,0.0,0.0,0.0,0.0,1,1.4359643682837486,208.7072664871812,53.3974609375,46.54150390625,12429.65283203125,14790.0
35,5,optimized,shared_mesh,scalable,cpu,legacy_full_snapshot,selected_after_full_read,selected_only,append,64,40300,4096,18343,0.9046019986271858,39.72479049116373,17.802314832806587,27.10199821740389,6.177721545100212,0.7003815844655037,0.0,0.0,91.50720667093992,58.069645427167416,82.2164649143815,0,0,0.0,0.0,0.0,0.0,1,3.3312132582068443,183.86425729840994,53.3974609375,46.54150390625,12429.65283203125,14790.0
35,55,optimized,shared_mesh,scalable,cpu,legacy_full_snapshot,selected_after_full_read,selected_only,append,64,40300,4096,18276,0.5366699770092964,33.52220915257931,16.784305684268475,27.974192053079605,6.060648709535599,0.6623873487114906,0.0,0.0,85.00374294817448,57.81206674873829,80.72658348828554,0,0,0.0,0.0,0.0,0.0,1,1.5831924974918365,184.20592695474625,53.3974609375,46.54150390625,12429.65283203125,14790.0
35,105,optimized,shared_mesh,scalable,cpu,legacy_full_snapshot,selected_after_full_read,selected_only,append,64,40300,4096,18401,0.40788110345602036,32.962351106107235,16.407144255936146,25.614633224904537,5.932426080107689,0.6263479590415955,0.0,0.0,81.5429026260972,57.504200376570225,81.94603491574526,0,0,0.0,0.0,0.0,0.0,1,1.5125107020139694,208.7472165003419,53.3974609375,46.54150390625,12429.65283203125,14790.0
35,5,optimized,shared_mesh,scalable,cpu,legacy_full_snapshot,selected_after_full_read,selected_only,append,64,40300,4096,17910,0.36709289997816086,39.71501253545284,16.57616440206766,27.733934111893177,6.348969414830208,0.5861194804310799,0.0,0.0,90.96019994467497,58.24872199445963,0.0,0,0,0.0,0.0,0.0,0.0,1,0.0,59.55198500305414,53.3974609375,53.3974609375,4920.5859375,14790.0
36,5,optimized,shared_mesh,scalable,cpu,legacy_full_snapshot,selected_after_full_read,selected_only,append,64,40300,4096,17362,0.46682730317115784,46.56154289841652,17.40811951458454,26.8187178298831,6.302601657807827,0.6327740848064423,0.0,0.0,97.72375598549843,57.242151349782944,81.1400506645441,0,0,0.0,0.0,0.0,0.0,1,1.6195103526115417,205.14725055545568,53.3974609375,46.54150390625,12429.65283203125,14790.0
36,55,optimized,shared_mesh,scalable,cpu,legacy_full_snapshot,selected_after_full_read,selected_only,append,64,40300,4096,17933,0.4757670685648918,33.49511045962572,16.88878145068884,26.491014286875725,6.132177077233791,0.5922652781009674,0.0,0.0,83.59934855252504,57.13710840791464,81.92647900432348,0,0,0.0,0.0,0.0,0.0,1,1.4993809163570404,205.15563245862722,53.3974609375,46.54150390625,12429.65283203125,14790.0
36,105,optimized,shared_mesh,scalable,cpu,legacy_full_snapshot,selected_after_full_read,selected_only,append,64,40300,4096,18037,0.529964454472065,33.68927352130413,16.45184773951769,26.28316357731819,5.905326455831528,0.6028804928064346,0.0,0.0,82.93249178677797,59.084877371788025,81.83428645133972,0,0,0.0,0.0,0.0,0.0,1,7.891654036939144,215.20681865513325,53.3974609375,46.54150390625,12429.65283203125,14790.0
37,5,optimized,shared_mesh,scalable,cpu,legacy_full_snapshot,selected_after_full_read,selected_only,append,64,40300,4096,17939,0.502588227391243,37.80020773410797,17.45897065848112,26.66423562914133,6.020702421665192,0.5822079256176949,0.0,0.0,88.52632436901331,57.06866178661585,81.67225029319525,0,0,0.0,0.0,0.0,0.0,1,1.4733998104929924,199.98979568481445,53.3974609375,46.54150390625,12429.65283203125,14790.0
37,55,optimized,shared_mesh,scalable,cpu,legacy_full_snapshot,selected_after_full_read,selected_only,append,64,40300,4096,18592,0.3849724307656288,34.999798983335495,17.14915782213211,26.52314305305481,5.808102898299694,0.5847224965691566,0.0,0.0,85.06492525339127,58.195920661091805,80.9495197609067,0,0,0.0,0.0,0.0,0.0,1,1.3814866542816162,207.17659778892994,53.3974609375,46.54150390625,12429.65283203125,14790.0
37,105,optimized,shared_mesh,scalable,cpu,legacy_full_snapshot,selected_after_full_read,selected_only,append,64,40300,4096,18160,0.40201377123594284,33.589817583560944,16.355459578335285,26.09878033399582,5.8502936735749245,0.6671370938420296,0.0,0.0,82.561488263309,59.940590523183346,81.36857580393553,0,0,0.0,0.0,0.0,0.0,1,2.1095257252454758,211.14281844347715,53.3974609375,46.54150390625,12429.65283203125,14790.0
38,5,optimized,shared_mesh,scalable,cpu,legacy_full_snapshot,selected_after_full_read,selected_only,append,64,40300,4096,17623,0.4352591931819916,41.58707428723574,17.76124443858862,26.731548830866814,5.874050781130791,0.6928378716111183,0.0,0.0,92.64675620943308,57.5483413413167,80.7805024087429,0,0,0.0,0.0,0.0,0.0,1,1.56419537961483,207.370201125741,53.3974609375,46.54150390625,12429.65283203125,14790.0
38,55,optimized,shared_mesh,scalable,cpu,legacy_full_snapshot,selected_after_full_read,selected_only,append,64,40300,4096,17985,0.317644327878952,39.69042748212814,42.172078974545,42.30226296931505,11.980234645307064,0.5718711763620377,0.0,0.0,136.7168752476573,57.229300029575825,81.36019483208656,0,0,0.0,0.0,0.0,0.0,1,1.2937644496560097,197.58693035691977,53.3974609375,46.54150390625,12429.65283203125,14790.0
38,105,optimized,shared_mesh,scalable,cpu,legacy_full_snapshot,selected_after_full_read,selected_only,append,64,40300,4096,19164,0.36318134516477585,35.22106073796749,16.909169033169746,26.409443467855453,5.8502936735749245,0.6593139842152596,0.0,0.0,85.04928089678288,58.09255409985781,80.86682669818401,0,0,0.0,0.0,0.0,0.0,1,1.4038365334272385,201.77133940160275,53.3974609375,46.54150390625,12429.65283203125,14790.0
39,5,optimized,shared_mesh,scalable,cpu,legacy_full_snapshot,selected_after_full_read,selected_only,append,64,40300,4096,18176,0.5433764308691025,52.08497401326895,21.02820575237274,32.41087216883898,8.252885192632675,0.6587542593479156,0.0,0.0,114.43569138646126,57.38965794444084,81.30236528813839,0,0,0.0,0.0,0.0,0.0,1,2.713245339691639,208.64943880587816,53.3974609375,46.54150390625,12429.65283203125,14790.0
39,55,optimized,shared_mesh,scalable,cpu,legacy_full_snapshot,selected_after_full_read,selected_only,append,64,40300,4096,18891,0.31931977719068527,64.74380381405354,21.62354625761509,30.90842068195343,7.148528471589088,0.601484440267086,0.0,0.0,125.02578366547823,57.265058159828186,81.6613556817174,0,0,0.0,0.0,0.0,0.0,1,1.5072030946612358,208.32201559096575,53.3974609375,46.54150390625,12429.65283203125,14790.0
39,105,optimized,shared_mesh,scalable,cpu,legacy_full_snapshot,selected_after_full_read,selected_only,append,64,40300,4096,17874,0.3123357892036438,35.64067464321852,18.340103328227997,27.86886878311634,6.17548730224371,0.7193796336650848,0.0,0.0,88.74451369047165,57.039327919483185,81.91614225506783,0,0,0.0,0.0,0.0,0.0,1,1.4666952192783356,199.11620300263166,53.3974609375,46.54150390625,12429.65283203125,14790.0
40,5,optimized,shared_mesh,scalable,cpu,legacy_full_snapshot,selected_after_full_read,selected_only,append,64,40300,4096,17563,0.3894437104463577,38.38688600808382,19.61543597280979,30.384601093828678,7.173109799623489,0.7009413093328476,0.0,0.0,96.26097418367863,57.763734832406044,81.12664148211479,0,0,0.0,0.0,0.0,0.0,1,2.148078754544258,206.4153142273426,53.3974609375,46.54150390625,12429.65283203125,14790.0
40,55,optimized,shared_mesh,scalable,cpu,legacy_full_snapshot,selected_after_full_read,selected_only,append,64,40300,4096,18720,0.589471310377121,34.69779994338751,17.428526654839516,27.12378930300474,6.096415221691132,0.6045578047633171,0.0,0.0,85.95108892768621,57.867941446602345,81.30320440977812,0,0,0.0,0.0,0.0,0.0,1,2.047504298388958,205.97251038998365,53.3974609375,46.54150390625,12429.65283203125,14790.0
40,105,optimized,shared_mesh,scalable,cpu,legacy_full_snapshot,selected_after_full_read,selected_only,append,64,40300,4096,18307,0.5009109154343605,33.96054171025753,16.993265599012375,27.008687146008015,5.7717906311154366,0.6766356527805328,0.0,0.0,84.41092073917389,58.09143744409084,80.8947654440999,0,0,0.0,0.0,0.0,0.0,1,4.06288355588913,207.85993803292513,53.3974609375,46.54150390625,12429.65283203125,14790.0
40,5,optimized,shared_mesh,scalable,cpu,legacy_full_snapshot,selected_after_full_read,selected_only,append,64,40300,4096,18557,0.39950013160705566,42.487205006182194,18.628972582519054,28.6055700853467,7.010802626609802,0.5939416587352753,0.0,0.0,97.32649195939302,57.560913264751434,0.0,0,0,0.0,0.0,0.0,0.0,1,0.0,58.96083824336529,53.3974609375,53.3974609375,4920.5859375,14790.0
41,5,optimized,shared_mesh,scalable,cpu,legacy_full_snapshot,selected_after_full_read,selected_only,append,64,40300,4096,17185,1.5253620222210884,36.69445961713791,18.055698834359646,27.536974288523197,6.023517809808254,0.8305683732032776,0.0,0.0,89.14121892303228,58.84741339832544,82.66708999872208,0,0,0.0,0.0,0.0,0.0,1,7.11053516715765,189.94503282010555,53.3974609375,46.54150390625,12429.65283203125,14790.0
41,55,optimized,shared_mesh,scalable,cpu,legacy_full_snapshot,selected_after_full_read,selected_only,append,64,40300,4096,18467,3.9466647431254387,34.28628761321306,16.923140734434128,30.666486360132694,7.1189142763614655,1.3985289260745049,0.0,0.0,90.39335791021585,79.54931724816561,77.69764959812164,0,0,0.0,0.0,0.0,0.0,1,1.8541812896728516,196.98460772633553,53.3974609375,46.54150390625,12429.65283203125,14790.0
41,105,optimized,shared_mesh,scalable,cpu,legacy_full_snapshot,selected_after_full_read,selected_only,append,64,40300,4096,17487,0.42296573519706726,35.52389796823263,16.667233780026436,26.23344585299492,6.0606542974710464,0.6221579387784004,0.0,0.0,85.10738983750343,57.45000299066305,81.06406219303608,0,0,0.0,0.0,0.0,0.0,1,1.6424180939793587,192.63844192028046,53.3974609375,46.54150390625,12429.65283203125,14790.0
42,5,optimized,shared_mesh,scalable,cpu,legacy_full_snapshot,selected_after_full_read,selected_only,append,64,40300,4096,18614,1.6359928995370865,39.48844410479069,18.856937065720558,29.298403300344944,7.874342612922192,0.7137926295399666,0.0,0.0,96.23191971331835,70.05463540554047,79.5043371617794,0,0,0.0,0.0,0.0,0.0,1,2.3950422182679176,193.00832971930504,53.3974609375,46.54150390625,12429.65283203125,14790.0
42,55,optimized,shared_mesh,scalable,cpu,legacy_full_snapshot,selected_after_full_read,selected_only,append,64,40300,4096,18548,0.45900605618953705,34.27511267364025,17.06757303327322,26.61170158535242,5.964281968772411,0.6355671212077141,0.0,0.0,84.55423638224602,57.24243074655533,81.46523870527744,0,0,0.0,0.0,0.0,0.0,1,1.4625033363699913,203.3944819122553,53.3974609375,46.54150390625,12429.65283203125,14790.0
42,105,optimized,shared_mesh,scalable,cpu,legacy_full_snapshot,selected_after_full_read,selected_only,append,64,40300,4096,18815,0.5718721076846123,37.47250698506832,17.099146731197834,26.08648594468832,5.637971684336662,0.5796942859888077,0.0,0.0,86.87580563127995,57.96600040048361,81.23196475207806,0,0,0.0,0.0,0.0,0.0,1,1.3781338930130005,202.323654666543,53.3974609375,46.54150390625,12429.65283203125,14790.0
43,5,optimized,shared_mesh,scalable,cpu,legacy_full_snapshot,selected_after_full_read,selected_only,append,64,40300,4096,18618,0.5595814436674118,49.191378988325596,23.99238757789135,31.577867455780506,8.115172386169434,0.9115878492593765,0.0,0.0,113.78839425742626,63.74772917479277,79.13297321647406,0,0,0.0,0.0,0.0,0.0,1,1.7022080719470978,207.025695592165,53.3974609375,46.54150390625,12429.65283203125,14790.0
43,55,optimized,shared_mesh,scalable,cpu,legacy_full_snapshot,selected_after_full_read,selected_only,append,64,40300,4096,18471,0.4687849432229996,33.33734814077616,20.282897166907787,29.176952317357063,7.189338095486164,0.6039999425411224,0.0,0.0,90.5905356630683,56.855643168091774,81.46543893963099,0,0,0.0,0.0,0.0,0.0,1,1.442951150238514,205.43830189853907,53.3974609375,46.54150390625,12429.65283203125,14790.0
43,105,optimized,shared_mesh,scalable,cpu,legacy_full_snapshot,selected_after_full_read,selected_only,append,64,40300,4096,19297,0.3679310902953148,38.60405087471008,34.65178515762091,35.8097804710269,9.552259929478168,0.6431117653846741,0.0,0.0,119.26098819822073,57.699342258274555,81.03073481470346,0,0,0.0,0.0,0.0,0.0,1,1.5577729791402817,208.4602527320385,53.3974609375,46.54150390625,12429.65283203125,14790.0
44,5,optimized,shared_mesh,scalable,cpu,legacy_full_snapshot,selected_after_full_read,selected_only,append,64,40300,4096,17742,0.5039852112531662,60.0329264998436,34.56378076225519,39.31728284806013,10.850219056010246,0.5947807803750038,0.0,0.0,145.35898994654417,57.394545525312424,81.53890911489725,0,0,0.0,0.0,0.0,0.0,1,1.4443490654230118,194.98953595757484,53.3974609375,46.54150390625,12429.65283203125,14790.0
44,55,optimized,shared_mesh,scalable,cpu,legacy_full_snapshot,selected_after_full_read,selected_only,append,64,40300,4096,17911,0.5221450701355934,43.68580784648657,24.036250077188015,32.32714347541332,7.401091046631336,0.6397590041160583,0.0,0.0,108.0900514498353,57.46578425168991,80.92233631759882,0,0,0.0,0.0,0.0,0.0,1,1.549392007291317,205.06141521036625,53.3974609375,46.54150390625,12429.65283203125,14790.0
44,105,optimized,shared_mesh,scalable,cpu,legacy_full_snapshot,selected_after_full_read,selected_only,append,64,40300,4096,18482,0.3360835835337639,37.679050117731094,16.926249489188194,26.038221083581448,5.881599150598049,0.5704741925001144,0.0,0.0,87.0955940335989,57.61077627539635,81.5626522526145,0,0,0.0,0.0,0.0,0.0,1,1.7111478373408318,201.84054132550955,53.3974609375,46.54150390625,12429.65283203125,14790.0
45,5,optimized,shared_mesh,scalable,cpu,legacy_full_snapshot,selected_after_full_read,selected_only,append,64,40300,4096,18237,0.40313228964805603,52.92069539427757,26.942540891468525,31.978212296962738,8.909692987799644,0.6581982597708702,0.0,0.0,121.40933983027935,57.080808095633984,80.46444226056337,0,0,0.0,0.0,0.0,0.0,1,1.9321301952004433,206.1828002333641,53.3974609375,46.54150390625,12429.65283203125,14790.0
45,55,optimized,shared_mesh,scalable,cpu,legacy_full_snapshot,selected_after_full_read,selected_only,append,64,40300,4096,18333,0.45565515756607056,62.81070690602064,47.42295015603304,45.16312386840582,13.605363667011261,0.6255125626921654,0.0,0.0,169.62765716016293,57.24004935473204,80.76392579823732,0,0,0.0,0.0,0.0,0.0,1,1.2647118419408798,206.41523227095604,53.3974609375,46.54150390625,12429.65283203125,14790.0
45,105,optimized,shared_mesh,scalable,cpu,legacy_full_snapshot,selected_after_full_read,selected_only,append,64,40300,4096,18204,0.3338474780321121,34.69871822744608,16.92429557442665,26.157796382904053,5.832977592945099,0.6241155788302422,0.0,0.0,84.23790335655212,57.52249155193567,81.29891846328974,0,0,0.0,0.0,0.0,0.0,1,8.433094248175621,204.978141002357,53.3974609375,46.54150390625,12429.65283203125,14790.0
45,5,optimized,shared_mesh,scalable,cpu,legacy_full_snapshot,selected_after_full_read,selected_only,append,64,40300,4096,18801,0.4173796623945236,49.62523095309734,17.301726154983044,28.162279166281223,6.8962667137384415,0.5593001842498779,0.0,0.0,102.54480317234993,57.35849868506193,0.0,0,0,0.0,0.0,0.0,0.0,1,0.0,58.6857907474041,53.3974609375,53.3974609375,4920.5859375,14790.0
46,5,optimized,shared_mesh,scalable,cpu,legacy_full_snapshot,selected_after_full_read,selected_only,append,64,40300,4096,17579,0.7741376757621765,37.96037286520004,17.49421749264002,26.99059247970581,5.9866346418857574,0.5989708006381989,0.0,0.0,89.03078828006983,59.073276817798615,82.37086236476898,0,0,0.0,0.0,0.0,0.0,1,2.4489667266607285,193.4292186051607,53.3974609375,46.54150390625,12429.65283203125,14790.0
46,55,optimized,shared_mesh,scalable,cpu,legacy_full_snapshot,selected_after_full_read,selected_only,append,64,40300,4096,18801,0.4266006872057915,34.270159900188446,17.003918066620827,26.38938743621111,6.118499673902988,0.6559630855917931,0.0,0.0,84.43792816251516,56.8070188164711,80.6664191186428,0,0,0.0,0.0,0.0,0.0,1,1.245994120836258,206.10120333731174,53.3974609375,46.54150390625,12429.65283203125,14790.0
46,105,optimized,shared_mesh,scalable,cpu,legacy_full_snapshot,selected_after_full_read,selected_only,append,64,40300,4096,18294,0.3846939653158188,40.53086414933205,35.185943357646465,35.18649935722351,9.893077425658703,0.6028832867741585,0.0,0.0,121.39926757663488,58.64080972969532,80.01296874135733,0,0,0.0,0.0,0.0,0.0,1,1.4865323901176453,208.38589314371347,53.3974609375,46.54150390625,12429.65283203125,14790.0
47,5,optimized,shared_mesh,scalable,cpu,legacy_full_snapshot,selected_after_full_read,selected_only,append,64,40300,4096,18739,0.7710643112659454,37.079514004290104,19.10199411213398,28.24859321117401,6.3713351264595985,0.642833299934864,0.0,0.0,91.44426975399256,56.5262483432889,81.2421990558505,0,0,0.0,0.0,0.0,0.0,1,1.3552289456129074,175.28964765369892,53.3974609375,46.54150390625,12429.65283203125,14790.0
47,55,optimized,shared_mesh,scalable,cpu,legacy_full_snapshot,selected_after_full_read,selected_only,append,64,40300,4096,18938,0.4863850772380829,37.46029548346996,18.21778528392315,28.331011533737183,6.055360659956932,0.6045578047633171,0.0,0.0,90.66901076585054,57.21070617437363,81.54056500643492,0,0,0.0,0.0,0.0,0.0,1,1.5083234757184982,204.77445609867573,53.3974609375,46.54150390625,12429.65283203125,14790.0
47,105,optimized,shared_mesh,scalable,cpu,legacy_full_snapshot,selected_after_full_read,selected_only,append,64,40300,4096,18121,0.37491507828235626,43.04352309554815,42.678672820329666,48.18954225629568,14.506883919239044,0.6484203040599823,0.0,0.0,149.06704239547253,57.373298332095146,80.65076731145382,0,0,0.0,0.0,0.0,0.0,1,1.7295852303504944,204.6749945729971,53.3974609375,46.54150390625,12429.65283203125,14790.0
48,5,optimized,shared_mesh,scalable,cpu,legacy_full_snapshot,selected_after_full_read,selected_only,append,64,40300,4096,19470,0.41235145181417465,69.70137916505337,47.83081542700529,49.159783869981766,13.062842190265656,0.5891928449273109,0.0,0.0,180.3440134972334,57.82531946897507,80.70384617894888,0,0,0.0,0.0,0.0,0.0,1,1.9849296659231186,203.07475328445435,53.3974609375,46.54150390625,12429.65283203125,14790.0
48,55,optimized,shared_mesh,scalable,cpu,legacy_full_snapshot,selected_after_full_read,selected_only,append,64,40300,4096,19394,0.391119159758091,48.11298754066229,22.291842848062515,31.180035322904587,6.816653534770012,0.6604334339499474,0.0,0.0,109.06195268034935,58.83133225142956,80.86839411407709,0,0,0.0,0.0,0.0,0.0,1,1.4954730868339539,209.26365349441767,53.3974609375,46.54150390625,12429.65283203125,14790.0
48,105,optimized,shared_mesh,scalable,cpu,legacy_full_snapshot,selected_after_full_read,selected_only,append,64,40300,4096,18075,0.4022940993309021,35.083684138953686,17.35283900052309,28.231835924088955,5.9578679502010345,0.6568003445863724,0.0,0.0,87.28302735835314,57.48532246798277,81.32460527122021,0,0,0.0,0.0,0.0,0.0,1,1.5569338575005531,204.985361546278,53.3974609375,46.54150390625,12429.65283203125,14790.0
49,5,optimized,shared_mesh,scalable,cpu,legacy_full_snapshot,selected_after_full_read,selected_only,append,64,40300,4096,18047,0.5880752578377724,54.11387328058481,27.249005623161793,36.470767110586166,9.349139407277107,0.742289237678051,0.0,0.0,127.92507465928793,57.439505122601986,80.81978000700474,0,0,0.0,0.0,0.0,0.0,1,1.5181014314293861,201.71839371323586,53.3974609375,46.54150390625,12429.65283203125,14790.0
49,55,optimized,shared_mesh,scalable,cpu,legacy_full_snapshot,selected_after_full_read,selected_only,append,64,40300,4096,18441,0.567401759326458,40.02323932945728,29.929006472229958,34.862409345805645,9.403080679476261,0.6693722680211067,0.0,0.0,114.88710809499025,56.92825373262167,81.30141254514456,0,0,0.0,0.0,0.0,0.0,1,1.6547134146094322,191.7847953736782,53.3974609375,46.54150390625,12429.65283203125,14790.0
49,105,optimized,shared_mesh,scalable,cpu,legacy_full_snapshot,selected_after_full_read,selected_only,append,64,40300,4096,18009,0.4819147288799286,43.927169404923916,26.437710970640182,32.26622845977545,7.595252245664597,0.5626529455184937,0.0,0.0,110.78901402652264,56.844161823391914,81.50898478925228,0,0,0.0,0.0,0.0,0.0,1,1.680975779891014,201.45745296031237,53.3974609375,46.54150390625,12429.65283203125,14790.0
50,5,optimized,shared_mesh,scalable,cpu,legacy_full_snapshot,selected_after_full_read,selected_only,append,64,40300,4096,17941,0.386090949177742,52.58319620043039,44.57503743469715,43.09240076690912,10.422209277749062,0.6243940442800522,0.0,0.0,151.29723772406578,57.522473856806755,80.6080112233758,0,0,0.0,0.0,0.0,0.0,1,1.78545992821455,204.32547107338905,53.3974609375,46.54150390625,12429.65283203125,14790.0
50,55,optimized,shared_mesh,scalable,cpu,legacy_full_snapshot,selected_after_full_read,selected_only,append,64,40300,4096,18629,0.4165424033999443,43.19325927644968,21.274377591907978,29.936272650957108,7.266153581440449,0.7677106186747551,0.0,0.0,102.43777371942997,57.29031562805176,80.86558990180492,0,0,0.0,0.0,0.0,0.0,1,2.212338149547577,198.63300491124392,53.3974609375,46.54150390625,12429.65283203125,14790.0
50,105,optimized,shared_mesh,scalable,cpu,legacy_full_snapshot,selected_after_full_read,selected_only,append,64,40300,4096,18032,0.41821785271167755,46.15235514938831,18.23706179857254,28.26283685863018,7.1130553260445595,0.6148954853415489,0.0,0.0,100.38020461797714,58.07115603238344,80.88737912476063,0,0,0.0,0.0,0.0,0.0,1,1.5418482944369316,206.62077236920595,53.3974609375,46.54150390625,12429.65283203125,14790.0
50,5,optimized,shared_mesh,scalable,cpu,legacy_full_snapshot,selected_after_full_read,selected_only,append,64,40300,4096,18626,0.30088238418102264,42.97171626240015,16.553289256989956,27.504063211381435,6.064862012863159,0.5810922011733055,0.0,0.0,93.675022944808,58.09937044978142,0.0,0,0,0.0,0.0,0.0,0.0,1,0.0,59.87756699323654,53.3974609375,53.3974609375,4920.5859375,14790.0
51,5,optimized,shared_mesh,scalable,cpu,legacy_full_snapshot,selected_after_full_read,selected_only,append,64,40300,4096,19230,0.7353033870458603,40.60739930719137,17.300600185990334,27.069920673966408,6.195893511176109,0.6252322345972061,0.0,0.0,91.79904591292143,58.49551875144243,81.15808665752411,0,0,0.0,0.0,0.0,0.0,1,1.7206454649567604,204.11536935716867,53.3974609375,46.54150390625,12429.65283203125,14790.0
51,55,optimized,shared_mesh,scalable,cpu,legacy_full_snapshot,selected_after_full_read,selected_only,append,64,40300,4096,18296,0.3140131011605263,42.328882962465286,20.13146411627531,28.890586458146572,6.8037984892725945,0.6188051775097847,0.0,0.0,98.77353720366955,57.49481078237295,81.32459037005901,0,0,0.0,0.0,0.0,0.0,1,1.5343045815825462,208.43639597296715,53.3974609375,46.54150390625,12429.65283203125,14790.0
51,105,optimized,shared_mesh,scalable,cpu,legacy_full_snapshot,selected_after_full_read,selected_only,append,64,40300,4096,18282,0.5925456061959267,34.142197109758854,16.704981215298176,26.563146151602268,5.797503516077995,0.6425529718399048,0.0,0.0,83.8503809645772,57.131627574563026,80.95665834844112,0,0,0.0,0.0,0.0,0.0,1,1.5980023890733719,205.69548290222883,53.3974609375,46.54150390625,12429.65283203125,14790.0
52,5,optimized,shared_mesh,scalable,cpu,legacy_full_snapshot,selected_after_full_read,selected_only,append,64,40300,4096,18326,0.7015001028776169,45.41453160345554,17.423524521291256,30.30280116945505,6.292832084000111,0.6023235619068146,0.0,0.0,100.03601294010878,58.049360290169716,80.61358891427517,0,0,0.0,0.0,0.0,0.0,1,1.4231149107217789,202.2441327571869,53.3974609375,46.54150390625,12429.65283203125,14790.0
52,55,optimized,shared_mesh,scalable,cpu,legacy_full_snapshot,selected_after_full_read,selected_only,append,64,40300,4096,17278,0.4268782213330269,37.70389501005411,17.20617711544037,26.49833168834448,6.19951356202364,0.631936825811863,0.0,0.0,88.23985420167446,57.194762863218784,81.20501507073641,0,0,0.0,0.0,0.0,0.0,1,1.437363214790821,206.43748436123133,53.3974609375,46.54150390625,12429.65283203125,14790.0
52,105,optimized,shared_mesh,scalable,cpu,legacy_full_snapshot,selected_after_full_read,selected_only,append,64,40300,4096,18746,1.2616384774446487,33.325035125017166,16.655252315104008,26.134026236832142,6.021845154464245,1.013556495308876,0.0,0.0,83.14971532672644,59.80157200247049,81.69475011527538,0,0,0.0,0.0,0.0,0.0,1,5.096283741295338,196.17255590856075,53.3974609375,46.54150390625,12429.65283203125,14790.0
53,5,optimized,shared_mesh,scalable,cpu,legacy_full_snapshot,selected_after_full_read,selected_only,append,64,40300,4096,18532,0.29697082936763763,38.2006149739027,17.34194252640009,27.65687834471464,6.110964342951775,0.5964562296867371,0.0,0.0,89.90685641765594,57.32215475291014,81.1952343210578,0,0,0.0,0.0,0.0,0.0,1,1.2619178742170334,208.46990030258894,53.3974609375,46.54150390625,12429.65283203125,14790.0
53,55,optimized,shared_mesh,scalable,cpu,legacy_full_snapshot,selected_after_full_read,selected_only,append,64,40300,4096,18606,0.4872223362326622,34.20756757259369,16.910316422581673,26.4684297144413,5.961780436336994,0.6266292184591293,0.0,0.0,84.17472336441278,57.246724143624306,81.68329391628504,0,0,0.0,0.0,0.0,0.0,1,1.5823571011424065,208.09134934097528,53.3974609375,46.54150390625,12429.65283203125,14790.0
53,105,optimized,shared_mesh,scalable,cpu,legacy_full_snapshot,selected_after_full_read,selected_only,append,64,40300,4096,18336,0.3212764859199524,34.7121087834239,16.659440472722054,27.054833248257637,6.146163679659367,0.5687987431883812,0.0,0.0,85.14134492725134,63.12328949570656,78.98540701717138,0,0,0.0,0.0,0.0,0.0,1,2.911045216023922,208.2131514325738,53.3974609375,46.54150390625,12429.65283203125,14790.0
54,5,optimized,shared_mesh,scalable,cpu,legacy_full_snapshot,selected_after_full_read,selected_only,append,64,40300,4096,18733,0.4098378121852875,40.398143231868744,18.01244355738163,27.933177538216114,6.522742100059986,0.5931034684181213,0.0,0.0,93.4596098959446,58.206360787153244,80.89686185121536,0,0,0.0,0.0,0.0,0.0,1,1.4968682080507278,196.86175230890512,53.3974609375,46.54150390625,12429.65283203125,14790.0
54,55,optimized,shared_mesh,scalable,cpu,legacy_full_snapshot,selected_after_full_read,selected_only,append,64,40300,4096,18797,0.3704465925693512,52.808355540037155,48.499058932065964,47.1712127327919,14.840459451079369,0.6241146475076675,0.0,0.0,163.94320130348206,57.69538972526789,81.24216366559267,0,0,0.0,0.0,0.0,0.0,1,1.467255875468254,208.13324488699436,53.3974609375,46.54150390625,12429.65283203125,14790.0
54,105,optimized,shared_mesh,scalable,cpu,legacy_full_snapshot,selected_after_full_read,selected_only,append,64,40300,4096,18262,0.5196304991841316,35.29487457126379,18.038421869277954,27.487016282975674,6.312103942036629,0.6003677845001221,0.0,0.0,87.73278445005417,57.15676210820675,81.9274578243494,0,0,0.0,0.0,0.0,0.0,1,1.4440687373280525,206.3480606302619,53.3974609375,46.54150390625,12429.65283203125,14790.0
55,5,optimized,shared_mesh,scalable,cpu,legacy_full_snapshot,selected_after_full_read,selected_only,append,64,40300,4096,18415,0.5067791789770126,62.13626638054848,42.4970518797636,42.05621499568224,12.837367132306099,0.6302613765001297,0.0,0.0,160.15716176480055,57.46211297810078,80.75102604925632,0,0,0.0,0.0,0.0,0.0,1,1.8181456252932549,206.29302226006985,53.3974609375,46.54150390625,12429.65283203125,14790.0
55,55,optimized,shared_mesh,scalable,cpu,legacy_full_snapshot,selected_after_full_read,selected_only,append,64,40300,4096,17450,0.5978541448712349,57.33276344835758,33.66697486490011,37.745517678558826,10.140606202185154,0.6065135821700096,0.0,0.0,139.49237577617168,58.13260190188885,81.96489047259092,0,0,0.0,0.0,0.0,0.0,1,1.4680931344628334,206.14187885075808,53.3974609375,46.54150390625,12429.65283203125,14790.0
55,105,optimized,shared_mesh,scalable,cpu,legacy_full_snapshot,selected_after_full_read,selected_only,append,64,40300,4096,18485,0.5796942859888077,33.87399297207594,16.506630927324295,26.573202572762966,6.247000768780708,0.5986914038658142,0.0,0.0,83.79951864480972,57.85043723881245,81.13012928515673,0,0,0.0,0.0,0.0,0.0,1,7.558378390967846,208.49473681300879,53.3974609375,46.54150390625,12429.65283203125,14790.0
55,5,optimized,shared_mesh,scalable,cpu,legacy_full_snapshot,selected_after_full_read,selected_only,append,64,40300,4096,17246,0.3232322633266449,38.0268394947052,18.669234588742256,29.536765068769455,7.151052355766296,0.5950601771473885,0.0,0.0,93.9789516851306,57.49759078025818,0.0,0,0,0.0,0.0,0.0,0.0,1,0.0,58.86790528893471,53.3974609375,53.3974609375,4920.5859375,14790.0
56,5,optimized,shared_mesh,scalable,cpu,legacy_full_snapshot,selected_after_full_read,selected_only,append,64,40300,4096,18649,2.2992221638560295,39.70893193036318,17.75652915239334,28.28741166740656,6.047824397683144,0.936451368033886,0.0,0.0,92.73714851588011,62.870729714632034,78.66915129125118,0,0,0.0,0.0,0.0,0.0,1,2.2014426067471504,178.92919573932886,53.3974609375,46.54150390625,12429.65283203125,14790.0
56,55,optimized,shared_mesh,scalable,cpu,legacy_full_snapshot,selected_after_full_read,selected_only,append,64,40300,4096,18773,0.5707535892724991,35.571170039474964,16.592949628829956,26.745843701064587,5.915960296988487,0.6651813164353371,0.0,0.0,85.49110498279333,57.99347348511219,81.92409761250019,0,0,0.0,0.0,0.0,0.0,1,2.0117489621043205,199.30035434663296,53.3974609375,46.54150390625,12429.65283203125,14790.0
56,105,optimized,shared_mesh,scalable,cpu,legacy_full_snapshot,selected_after_full_read,selected_only,append,64,40300,4096,17512,0.3670947626233101,54.43568341434002,33.32223743200302,37.68377471715212,10.01320406794548,0.6506554782390594,0.0,0.0,136.1055551096797,57.16848839074373,81.2485795468092,0,0,0.0,0.0,0.0,0.0,1,1.4666970819234848,201.86050608754158,53.3974609375,46.54150390625,12429.65283203125,14790.0
57,5,optimized,shared_mesh,scalable,cpu,legacy_full_snapshot,selected_after_full_read,selected_only,append,64,40300,4096,18623,1.532907597720623,38.180772215127945,17.76770129799843,27.724473737180233,6.378884427249432,0.9372895583510399,0.0,0.0,90.98912123590708,68.53832304477692,80.37274982780218,0,0,0.0,0.0,0.0,0.0,1,10.207371786236763,195.65707445144653,53.3974609375,46.54150390625,12429.65283203125,14790.0
57,55,optimized,shared_mesh,scalable,cpu,legacy_full_snapshot,selected_after_full_read,selected_only,append,64,40300,4096,19540,0.4618000239133835,33.70022214949131,17.474080435931683,26.352775283157825,6.08050636947155,0.6554024294018745,0.0,0.0,84.26298666745424,58.29407274723053,81.9335924461484,0,0,0.0,0.0,0.0,0.0,1,1.4398768544197083,207.61917158961296,53.3974609375,46.54150390625,12429.65283203125,14790.0
57,105,optimized,shared_mesh,scalable,cpu,legacy_full_snapshot,selected_after_full_read,selected_only,append,64,40300,4096,18675,0.40508806705474854,33.6963115260005,16.926802694797516,26.37037541717291,5.911754444241524,0.6875321269035339,0.0,0.0,83.59277620911598,57.91328940540552,81.5312983468175,0,0,0.0,0.0,0.0,0.0,1,1.477312296628952,208.27038120478392,53.3974609375,46.54150390625,12429.65283203125,14790.0
58,5,optimized,shared_mesh,scalable,cpu,legacy_full_snapshot,selected_after_full_read,selected_only,append,64,40300,4096,18386,0.4651518538594246,38.08466624468565,17.023738473653793,27.557697147130966,6.26265536993742,1.066078431904316,0.0,0.0,89.99483566731215,72.55902420729399,80.05538117140532,0,0,0.0,0.0,0.0,0.0,1,9.248011745512486,225.1485651358962,53.3974609375,46.54150390625,12429.65283203125,14790.0
58,55,optimized,shared_mesh,scalable,cpu,legacy_full_snapshot,selected_after_full_read,selected_only,append,64,40300,4096,18633,0.6157336756587029,33.991605043411255,16.730958595871925,25.958011858165264,6.012344732880592,0.5911486223340034,0.0,0.0,83.28406885266304,57.57189728319645,81.31897356361151,0,0,0.0,0.0,0.0,0.0,1,2.1567437797784805,207.64933340251446,53.3974609375,46.54150390625,12429.65283203125,14790.0
58,105,optimized,shared_mesh,scalable,cpu,legacy_full_snapshot,selected_after_full_read,selected_only,append,64,40300,4096,18344,0.3620637580752373,34.73389241844416,16.600213013589382,26.71483065932989,5.683240480720997,0.6495369598269463,0.0,0.0,84.38171353191137,57.805449701845646,80.726427026093,0,0,0.0,0.0,0.0,0.0,1,1.5161456540226936,202.48069055378437,53.3974609375,46.54150390625,12429.65283203125,14790.0
59,5,optimized,shared_mesh,scalable,cpu,legacy_full_snapshot,selected_after_full_read,selected_only,append,64,40300,4096,18763,1.0233353823423386,38.40063326060772,17.051675356924534,27.17831451445818,6.32914062589407,0.9791944175958633,0.0,0.0,89.93895817548037,62.97576520591974,79.26643546670675,0,0,0.0,0.0,0.0,0.0,1,8.496783673763275,201.0891418904066,53.3974609375,46.54150390625,12429.65283203125,14790.0
59,55,optimized,shared_mesh,scalable,cpu,legacy_full_snapshot,selected_after_full_read,selected_only,append,64,40300,4096,18173,1.5686675906181335,34.27656088024378,17.58610922843218,26.887761428952217,6.350102834403515,0.9708134457468987,0.0,0.0,86.07134781777859,57.30006657540798,80.76609671115875,0,0,0.0,0.0,0.0,0.0,1,6.377196870744228,189.10441175103188,53.3974609375,46.54150390625,12429.65283203125,14790.0
59,105,optimized,shared_mesh,scalable,cpu,legacy_full_snapshot,selected_after_full_read,selected_only,append,64,40300,4096,18103,0.8529191836714745,33.54488778859377,16.81308727711439,26.572907343506813,6.023802794516087,0.6942367181181908,0.0,0.0,83.64892192184925,57.78868496417999,82.25793391466141,0,0,0.0,0.0,0.0,0.0,1,1.9564330577850342,188.7998953461647,53.3974609375,46.54150390625,12429.65283203125,14790.0
60,5,optimized,shared_mesh,scalable,cpu,legacy_full_snapshot,selected_after_full_read,selected_only,append,64,40300,4096,18067,0.47968048602342606,52.527294494211674,19.603447057306767,30.313686467707157,7.17535987496376,1.3496410101652145,0.0,0.0,110.96942890435457,64.43100422620773,80.51102794706821,0,0,0.0,0.0,0.0,0.0,1,4.958831705152988,203.92055716365576,53.3974609375,46.54150390625,12429.65283203125,14790.0
60,55,optimized,shared_mesh,scalable,cpu,legacy_full_snapshot,selected_after_full_read,selected_only,append,64,40300,4096,18733,1.5949280932545662,35.18479410558939,17.471294850111008,27.668324299156666,6.2171099707484245,0.7506702095270157,0.0,0.0,87.2921934351325,58.724017813801765,80.33306803554296,0,0,0.0,0.0,0.0,0.0,1,1.5373770147562027,188.49705159664154,53.3974609375,46.54150390625,12429.65283203125,14790.0
60,105,optimized,shared_mesh,scalable,cpu,legacy_full_snapshot,selected_after_full_read,selected_only,append,64,40300,4096,18358,0.5187923088669777,36.187175661325455,17.504818737506866,27.318275533616543,6.587275303900242,0.6056763231754303,0.0,0.0,88.20322155952454,57.01231211423874,81.5935879945755,0,0,0.0,0.0,0.0,0.0,1,1.864519901573658,202.9785132035613,53.3974609375,46.54150390625,12429.65283203125,14790.0
60,5,optimized,shared_mesh,scalable,cpu,legacy_full_snapshot,selected_after_full_read,selected_only,append,64,40300,4096,18005,1.5262030065059662,38.41795027256012,16.795762814581394,26.83272771537304,6.484201177954674,0.8649323135614395,0.0,0.0,89.39557429403067,63.734808936715126,0.0,0,0,0.0,0.0,0.0,0.0,1,0.0,69.92845982313156,53.3974609375,53.3974609375,4920.5859375,14790.0
